Company Name,Ticker
20 Microns,20MICRONS.NS
21st Century Management Services,21STCENMGM.NS
360 ONE WAM,360ONE.NS
3B Blackbio Dx,3BBLACKBIO.NS
3i Infotech,3IINFOLTD.NS
3M India,3MINDIA.NS
3P Land Holdings,3PLAND.NS
5Paisa Capital,5PAISA.NS
63 moons technologies,63MOONS.NS
A2Z Infra Engineering,A2ZINFRA.NS
AAA Technologies,AAATECH.NS
Aadhar Housing Finance,AADHARHFC.NS
Aakash Exploration Services,AAKASH.NS
Aarey Drugs & Pharmaceuticals,AAREYDRUGS.NS
Aarnav Fashions,AARNAV.NS
Aaron Industries,AARON.NS
Aartech Solonics,AARTECH.NS
Aarti Drugs,AARTIDRUGS.NS
Aarti Industries,AARTIIND.NS
Aarti Pharmalabs,AARTIPHARM.NS
Aarti Surfactants,AARTISURF.NS
Aarvi Encon,AARVI.NS
Aavas Financiers,AAVAS.NS
Abans Enterprises,ABANSENT.NS
ABB India,ABB.NS
Abbott India,ABBOTINDIA.NS
Aditya Birla Capital,ABCAPITAL.NS
A B Cotspin India,ABCOTS.NS
Allied Blenders and Distillers,ABDL.NS
Aditya Birla Fashion and Retail,ABFRL.NS
A B Infrabuild,ABINFRA.NS
Aditya Birla Lifestyle Brands,ABLBL.NS
ABM International,ABMINTLLTD.NS
ABM Knowledgeware,ABMKNO.NS
Aditya Birla Real Estate,ABREL.NS
Aditya Birla Sun Life AMC,ABSLAMC.NS
ACC,ACC.NS
Accelya Solutions India,ACCELYA.NS
Accuracy Shipping,ACCURACY.NS
Action Construction Equipment,ACE.NS
Ace Integrated Solutions,ACEINTEG.NS
Archean Chemical Industries,ACI.NS
Andhra Cements,ACL.NS
Acme Solar Holdings,ACMESOLAR.NS
ACS Technologies,ACSTECH.NS
Acutaas Chemicals,ACUTAAS.NS
Adani Energy Solutions,ADANIENSOL.NS
Adani Enterprises,ADANIENT.NS
Adani Green Energy,ADANIGREEN.NS
Adani Ports and Special Economic Zone,ADANIPORTS.NS
Adani Power,ADANIPOWER.NS
ADF Foods,ADFFOODS.NS
Archidply Decor,ADL.NS
Ador Welding,ADOR.NS
Adroit Infotech,ADROITINFO.NS
Allied Digital Services,ADSL.NS
Advait Energy Transitions,ADVAIT.NS
Advance Agrolife,ADVANCE.NS
Advani Hotels & Resorts (India),ADVANIHOTR.NS
Advent Hotels International,ADVENTHTL.NS
Advanced Enzyme Technologies,ADVENZYMES.NS
Aegis Logistics,AEGISLOG.NS
Aegis Vopak Terminals,AEGISVOPAK.NS
Artemis Electricals and Projects,AEPL.NS
Aequs,AEQUS.NS
Aeroflex Enterprises,AEROENTER.NS
Aeroflex Industries,AEROFLEX.NS
Aeroflex Neu,AERONEU.NS
Aether Industries,AETHER.NS
Afcons Infrastructure,AFCONS.NS
Affle 3i,AFFLE.NS
Affordable Robotic & Automation,AFFORDABLE.NS
Akme Fintrade (India),AFIL.NS
Abans Financial Services,AFSL.NS
Agarwal Industrial Corporation,AGARIND.NS
Dr. Agarwal's Health Care,AGARWALEYE.NS
AGI Greenpac,AGI.NS
Agi Infra,AGIIL.NS
Agri-Tech (India),AGRITECH.NS
Agro Phos India,AGROPHOS.NS
AGS Transact Technologies,AGSTRA.NS
Anlon Healthcare,AHCL.NS
Ahlada Engineers,AHLADA.NS
Asian Hotels (East),AHLEAST.NS
Ahluwalia Contracts (India),AHLUCONT.NS
Asian Hotels (West),AHLWEST.NS
AIA Engineering,AIAENG.NS
Authum Investment & Infrastructure,AIIL.NS
Airan,AIRAN.NS
Airo Lam,AIROLAM.NS
Ajanta Pharma,AJANTPHARM.NS
Ajax Engineering,AJAXENGG.NS
Ajmera Realty & Infra India,AJMERA.NS
Ajooni Biotech,AJOONI.NS
Akash Infra-Projects,AKASH.NS
AK Capital Services,AKCAPIT.NS
Akg Exim,AKG.NS
AKI India,AKI.NS
Akshar Spintex,AKSHAR.NS
AksharChem India,AKSHARCHEM.NS
Aksh Optifibre,AKSHOPTFBR.NS
Akums Drugs and Pharmaceuticals,AKUMS.NS
Alankit,ALANKIT.NS
Albert David,ALBERTDAVD.NS
Alembic,ALEMBICLTD.NS
Algoquant Fintech,ALGOQUANT.NS
Alicon Castalloy,ALICON.NS
Alivus Life Sciences,ALIVUS.NS
Alkali Metals,ALKALI.NS
Alkem Laboratories,ALKEM.NS
Alkyl Amines Chemicals,ALKYLAMINE.NS
Allcargo Logistics,ALLCARGO.NS
Alldigi Tech,ALLDIGI.NS
All Time Plastics,ALLTIME.NS
Almondz Global Securities,ALMONDZ.NS
Alok Industries,ALOKINDS.NS
Alpa Laboratories,ALPA.NS
Alphageo (India),ALPHAGEO.NS
Amagi Media Labs,AMAGI.NS
Amanta Healthcare,AMANTA.NS
Ambalal Sarabhai Enterprises,AMBALALSA.NS
Amber Enterprises India,AMBER.NS
Ambica Agarbathies & Aroma industries,AMBICAAGAR.NS
Ambika Cotton Mills,AMBIKCO.NS
Ambuja Cements,AMBUJACEM.NS
AMD Industries,AMDIND.NS
Amir Chand Jagdish Kumar (Exports),AMIRCHAND.NS
Amj Land Holdings,AMJLAND.NS
Amines & Plasticizers,AMNPLST.NS
Amrutanjan Health Care,AMRUTANJAN.NS
Anand Rathi Wealth,ANANDRATHI.NS
Anant Raj,ANANTRAJ.NS
ANDHRA PAPER,ANDHRAPAP.NS
The Andhra Sugars,ANDHRSUGAR.NS
Angel One,ANGELONE.NS
Anik Industries,ANIKINDS.NS
Ankit Metal & Power,ANKITMETAL.NS
Anmol India,ANMOL.NS
Ansal Properties & Infrastructure,ANSALAPI.NS
Antelopus Selan Energy,ANTELOPUS.NS
Antarctica,ANTGRAPHIC.NS
Anthem Biosciences,ANTHEM.NS
Anuh Pharma,ANUHPHR.NS
The Anup Engineering,ANUP.NS
Anupam Rasayan India,ANURAS.NS
Apar Industries,APARINDS.NS
Anjani Portland Cement,APCL.NS
Apcotex Industries,APCOTEXIND.NS
Apex Frozen Foods,APEX.NS
APL Apollo Tubes,APLAPOLLO.NS
Alembic Pharmaceuticals,APLLTD.NS
Apollo Micro Systems,APOLLO.NS
Apollo Hospitals Enterprise,APOLLOHOSP.NS
Apollo Pipes,APOLLOPIPE.NS
Apollo Tyres,APOLLOTYRE.NS
Apollo Sindoori Hotels,APOLSINHOT.NS
Aptech,APTECHT.NS
Aptus Value Housing Finance India,APTUS.NS
Aqylon Nexus,AQYLON.NS
Archidply Industries,ARCHIDPLY.NS
Archies,ARCHIES.NS
Amara Raja Energy & Mobility,ARE&M.NS
Rajdarshan Industries,ARENTERP.NS
Arfin India,ARFIN.NS
Aries Agro,ARIES.NS
Arihant Foundations & Housing,ARIHANT.NS
Arihant Capital Markets,ARIHANTCAP.NS
Arihant Superstructures,ARIHANTSUP.NS
Arisinfra Solutions,ARIS.NS
Arkade Developers,ARKADE.NS
Arman Financial Services,ARMANFIN.NS
Aro Granite Industries,AROGRANITE.NS
Arrow Greentech,ARROWGREEN.NS
Arshiya,ARSHIYA.NS
Anand Rathi Share and Stock Brokers,ARSSBL.NS
Artemis Medicare Services,ARTEMISMED.NS
Art Nirman,ARTNIRMAN.NS
Arvee Laboratories (India),ARVEE.NS
Arvind,ARVIND.NS
Arvind Fashions,ARVINDFASN.NS
Arvind SmartSpaces,ARVSMART.NS
Asahi India Glass,ASAHIINDIA.NS
Asahi Songwon Colors,ASAHISONG.NS
Automotive Stampings and Assemblies,ASAL.NS
Associated Alcohols & Breweries,ASALCBR.NS
Ashapura Minechem,ASHAPURMIN.NS
Ashiana Housing,ASHIANA.NS
Ashika Credit Capital,ASHIKA.NS
Ashima,ASHIMASYN.NS
Ashoka Buildcon,ASHOKA.NS
Ashoka Metcast,ASHOKAMET.NS
Ashok Leyland,ASHOKLEY.NS
Asian Energy Services,ASIANENE.NS
Asian Hotels (North),ASIANHOTNR.NS
Asian Paints,ASIANPAINT.NS
Asian Granito India,ASIANTILES.NS
ASK Automotive,ASKAUTOLTD.NS
Bartronics India,ASMS.NS
Aspinwall and Company,ASPINWALL.NS
Asian Star Company,ASTAR.NS
Astec LifeSciences,ASTEC.NS
Aster DM Healthcare,ASTERDM.NS
Astral,ASTRAL.NS
Astra Microwave Products,ASTRAMICRO.NS
AstraZeneca Pharma India,ASTRAZEN.NS
Astron Paper & Board Mill,ASTRON.NS
Atal Realtech,ATALREAL.NS
Atam Valves,ATAM.NS
Adani Total Gas,ATGL.NS
Ather Energy,ATHERENERG.NS
Allcargo Terminals,ATL.NS
ATLANTAA,ATLANTAA.NS
Atlanta Electricals,ATLANTAELE.NS
Atlas Cycles (Haryana),ATLASCYCLE.NS
Atul,ATUL.NS
Atul Auto,ATULAUTO.NS
AU Small Finance Bank,AUBANK.NS
Auri Grow India,AURIGROW.NS
Aurionpro Solutions,AURIONPRO.NS
Aurobindo Pharma,AUROPHARMA.NS
Aurum PropTech,AURUM.NS
Ausom Enterprise,AUSOMENT.NS
Automotive Axles,AUTOAXLES.NS
Autoline Industries,AUTOIND.NS
Avadh Sugar & Energy,AVADHSUGAR.NS
Avalon Technologies,AVALON.NS
Avantel,AVANTEL.NS
Avanti Feeds,AVANTIFEED.NS
AVG Logistics,AVG.NS
Aditya Vision,AVL.NS
Avonmore Capital & Management Services,AVONMORE.NS
AVRO INDIA,AVROIND.NS
AVT Natural Products,AVTNPL.NS
Awfis Space Solutions,AWFIS.NS
Antony Waste Handling Cell,AWHCL.NS
AWL Agri Business,AWL.NS
Axis Bank,AXISBANK.NS
AXISCADES Technologies,AXISCADES.NS
Axita Cotton,AXITA.NS
Aye Finance,AYE.NS
AYM Syntex,AYMSYNTEX.NS
Azad Engineering,AZAD.NS
Bafna Pharmaceuticals,BAFNAPH.NS
B.A.G Films and Media,BAGFILMS.NS
Baid Finserv,BAIDFIN.NS
Bajaj Auto,BAJAJ-AUTO.NS
Bajaj Consumer Care,BAJAJCON.NS
Bajaj Electricals,BAJAJELEC.NS
Bajaj Finserv,BAJAJFINSV.NS
Bajaj Healthcare,BAJAJHCARE.NS
Bajaj Housing Finance,BAJAJHFL.NS
Bajaj Hindusthan Sugar,BAJAJHIND.NS
Bajaj Holdings & Investment,BAJAJHLDNG.NS
Indef Manufacturing,BAJAJINDEF.NS
Bajaj Steel Industries,BAJAJST.NS
Bajel Projects,BAJEL.NS
Bajaj Finance,BAJFINANCE.NS
Shree Tirupati Balajee Agro Trading Company,BALAJEE.NS
Balaji Telefilms,BALAJITELE.NS
Balaji Amines,BALAMINES.NS
BALAXI PHARMACEUTICALS,BALAXI.NS
Balkrishna Paper Mills,BALKRISHNA.NS
Balkrishna Industries,BALKRISIND.NS
Balmer Lawrie & Company,BALMLAWRIE.NS
Bal Pharma,BALPHARMA.NS
Balrampur Chini Mills,BALRAMCHIN.NS
Balu Forge Industries,BALUFORGE.NS
Banaras Beads,BANARBEADS.NS
Bannari Amman Sugars,BANARISUG.NS
Banco Products (I),BANCOINDIA.NS
Bandhan Bank,BANDHANBNK.NS
Bang Overseas,BANG.NS
Banka BioLoo,BANKA.NS
Bank of Baroda,BANKBARODA.NS
Bank of India,BANKINDIA.NS
Bansal Wire Industries,BANSALWIRE.NS
Banswara Syntex,BANSWRAS.NS
BASF India,BASF.NS
Bannari Amman Spinning Mills,BASML.NS
Bata India,BATAINDIA.NS
Batliboi,BATLIBOI.NS
Bayer Cropscience,BAYERCROP.NS
Bharat Bijlee,BBL.NS
Black Box,BBOX.NS
The Bombay Burmah Trading Corporation,BBTC.NS
B&B Triplewall Containers,BBTCL.NS
Brightcom Group,BCG.NS
Bcl Industries,BCLIND.NS
Brand Concepts,BCONCEPTS.NS
BCPL Railway Infrastructure,BCPL.NS
Bharat Dynamics,BDL.NS
Beardsell,BEARDSELL.NS
Mrs. Bectors Food Specialities,BECTORFOOD.NS
Bedmutha Industries,BEDMUTHA.NS
Beekay Steel Industries,BEEKAY.NS
Bharat Electronics,BEL.NS
Bella Casa Fashion & Retail,BELLACASA.NS
Belrise Industries,BELRISE.NS
BEML,BEML.NS
Bengal & Assam Company,BENGALASM.NS
Bhansali Engineering Polymers,BEPL.NS
Berger Paints (I),BERGEPAINT.NS
Best Agrolife,BESTAGRO.NS
Beta Drugs,BETA.NS
BF Investment,BFINVEST.NS
BF Utilities,BFUTILITIE.NS
BGR Energy Systems,BGRENERGY.NS
Bhagiradha Chemicals & Industries,BHAGCHEM.NS
Bhageria Industries,BHAGERIA.NS
Bhagyanagar India,BHAGYANGR.NS
Bhandari Hosiery Exports,BHANDARI.NS
Bharat Coking Coal,BHARATCOAL.NS
Bharat Forge,BHARATFORG.NS
Bharat Gears,BHARATGEAR.NS
Bharat Rasayan,BHARATRAS.NS
Bharat Seats,BHARATSE.NS
Bharat Wire Ropes,BHARATWIRE.NS
Bharti Airtel,BHARTIARTL.NS
Bharti Hexacom,BHARTIHEXA.NS
Bharat Heavy Electricals,BHEL.NS
Bilcare,BI.NS
Bigbloc Construction,BIGBLOC.NS
Bikaji Foods International,BIKAJI.NS
Bhartiya International,BIL.NS
BIL VYAPAR,BILVYAPAR.NS
Bimetal Bearings,BIMETAL.NS
Biocon,BIOCON.NS
Biofil Chemicals & Pharmaceuticals,BIOFILCHEM.NS
Birla Cable,BIRLACABLE.NS
Birla Corporation,BIRLACORPN.NS
Aditya Birla Money,BIRLAMONEY.NS
BirlaNu,BIRLANU.NS
Birla Precision Technologies,BIRLAPREC.NS
BLACKBUCK,BLACKBUCK.NS
Black Rose Inds.,BLACKROSE.NS
BEML Land Assets,BLAL.NS
BLB,BLBLIMITED.NS
Balmer Lawrie Investments,BLIL.NS
Bliss GVS Pharma,BLISSGVS.NS
B. L. Kashyap and Sons,BLKASHYAP.NS
BLS International Services,BLS.NS
BLS E-Services,BLSE.NS
Blue Chip India,BLUECHIP.NS
Blue Coast Hotels,BLUECOAST.NS
Blue Dart Express,BLUEDART.NS
Blue Jet Healthcare,BLUEJET.NS
Blue Star,BLUESTARCO.NS
BlueStone Jewellery and Lifestyle,BLUESTONE.NS
Bluspring Enterprises,BLUSPRING.NS
BMW Ventures,BMWVENTLTD.NS
BN Agrochem,BNAGROCHEM.NS
B & A,BNALTD.NS
Bodal Chemicals,BODALCHEM.NS
Bohra Industries,BOHRAIND.NS
Bombay Dyeing & Mfg Company,BOMDYEING.NS
Bonlon Industries,BONLON.NS
Borana Weaves,BORANA.NS
Borosil,BOROLTD.NS
BOROSIL RENEWABLES,BORORENEW.NS
Borosil Scientific,BOROSCI.NS
BOSCH HOME COMFORT INDIA,BOSCH-HCIL.NS
Bosch,BOSCHLTD.NS
Bharat Petroleum Corporation,BPCL.NS
BPL,BPL.NS
Brigade Enterprises,BRIGADE.NS
Brigade Hotel Ventures,BRIGHOTEL.NS
Britannia Industries,BRITANNIA.NS
Bharat Road Network,BRNL.NS
Brooks Laboratories,BROOKS.NS
BSE,BSE.NS
Bombay Super Hybrid Seeds,BSHSL.NS
BSL,BSL.NS
BIRLASOFT,BSOFT.NS
Bodhi Tree Multimedia,BTML.NS
Bhilwara Technical Textiles,BTTL.NS
Shankara Buildpro,BUILDPRO.NS
Butterfly Gandhimathi Appliances,BUTTERFLY.NS
Barak Valley Cements,BVCL.NS
The Byke Hospitality,BYKE.NS
California Software Company,CALSOFT.NS
Camlin Fine Sciences,CAMLINFINE.NS
Campus Activewear,CAMPUS.NS
Computer Age Management Services,CAMS.NS
Canara Bank,CANBK.NS
Can Fin Homes,CANFINHOME.NS
Canara HSBC Life Insurance Company,CANHLIFE.NS
Cantabil Retail India,CANTABIL.NS
Capacit'e Infraprojects,CAPACITE.NS
Capillary Technologies India,CAPILLARY.NS
Capital Small Finance Bank,CAPITALSFB.NS
Caplin Point Laboratories,CAPLIPOINT.NS
Capital Trust,CAPTRUST.NS
Carborundum Universal,CARBORUNIV.NS
CARE Ratings,CARERATING.NS
Carraro India,CARRARO.NS
Cartrade Tech,CARTRADE.NS
CARYSIL,CARYSIL.NS
Castrol India,CASTROLIND.NS
AvenuesAI,CCAVENUE.NS
Consolidated Construction Consortium,CCCL.NS
Country Club Hospitality & Holidays,CCHHL.NS
CCL Products (India),CCL.NS
Central Depository Services (India),CDSL.NS
CEAT,CEATLTD.NS
Ceigall India,CEIGALL.NS
Ceinsys Tech,CEINSYS.NS
Celebrity Fashions,CELEBRITY.NS
Cello World,CELLO.NS
Cemindia Projects,CEMPRO.NS
Century Enka,CENTENKA.NS
Century Extrusions,CENTEXT.NS
Central Bank of India,CENTRALBK.NS
Centrum Capital,CENTRUM.NS
Centum Electronics,CENTUM.NS
Century Plyboards (India),CENTURYPLY.NS
Cera Sanitaryware,CERA.NS
Cerebra Integrated Technologies,CEREBRAINT.NS
CESC,CESC.NS
Concord Enviro Systems,CEWATER.NS
Capri Global Capital,CGCL.NS
CG Power and Industrial Solutions,CGPOWER.NS
Chalet Hotels,CHALET.NS
Chambal Fertilizers & Chemicals,CHAMBLFERT.NS
Chembond Material Technologies,CHEMBOND.NS
Chembond Chemicals,CHEMBONDCH.NS
Chemcon Speciality Chemicals,CHEMCON.NS
Chemfab Alkalis,CHEMFAB.NS
Chemplast Sanmar,CHEMPLASTS.NS
Chennai Petroleum Corporation,CHENNPETRO.NS
Cheviot Company,CHEVIOT.NS
Choice International,CHOICEIN.NS
Cholamandalam Investment and Finance Company,CHOLAFIN.NS
Cholamandalam Financial Holdings,CHOLAHLDNG.NS
CIE Automotive India,CIEINDIA.NS
Capital India Finance,CIFL.NS
Cineline India,CINELINE.NS
Cinevista,CINEVISTA.NS
Cipla,CIPLA.NS
CLC Industries,CLCIND.NS
Clean Science and Technology,CLEAN.NS
Clean Max Enviro Energy Solutions,CLEANMAX.NS
CL Educate,CLEDUCATE.NS
Chaman Lal Setia Exports,CLSEL.NS
Central Mine Planning & Design Institute,CMPDI.NS
CMS Info Systems,CMSINFO.NS
Creative Newtech,CNL.NS
Coal India,COALINDIA.NS
Coastal Corporation,COASTCORP.NS
Cochin Shipyard,COCHINSHIP.NS
John Cockerill India,COCKERILL.NS
Coffee Day Enterprises,COFFEEDAY.NS
Coforge,COFORGE.NS
Cohance Lifesciences,COHANCE.NS
Colgate Palmolive (India),COLPAL.NS
Comfort Intech,COMFINTE.NS
Compuage Infocom,COMPINFO.NS
Compucom Software,COMPUSOFT.NS
Commercial Syn Bags,COMSYN.NS
Container Corporation of India,CONCOR.NS
Concord Biotech,CONCORDBIO.NS
Confidence Petroleum India,CONFIPET.NS
Consolidated Finvest & Holdings,CONSOFINVT.NS
Control Print,CONTROLPR.NS
Coral India Finance & Housing,CORALFINAC.NS
Cords Cable Industries,CORDSCABLE.NS
Coromandel International,COROMANDEL.NS
CORONA Remedies,CORONA.NS
COSMO FIRST,COSMOFIRST.NS
Country Condo's,COUNCODOS.NS
CP Capital,CPCAP.NS
Career Point Edutech,CPEDU.NS
Aditya Infotech,CPPLUS.NS
Craftsman Automation,CRAFTSMAN.NS
Canara Robeco Asset Management Company,CRAMC.NS
Creative Eye,CREATIVEYE.NS
CREDITACCESS GRAMEEN,CREDITACC.NS
Crest Ventures,CREST.NS
CRISIL,CRISIL.NS
Crizac,CRIZAC.NS
Crompton Greaves Consumer Electricals,CROMPTON.NS
Crown Lifters,CROWN.NS
CSB Bank,CSBBANK.NS
CSL Finance,CSLFINANCE.NS
Cambridge Technology Enterprises,CTE.NS
City Union Bank,CUB.NS
Cubex Tubings,CUBEXTUB.NS
Cummins India,CUMMINSIND.NS
Cupid,CUPID.NS
Cura Technologies,CURAA.NS
Cyber Media (India),CYBERMEDIA.NS
Cybertech Systems And Software,CYBERTECH.NS
Cyient,CYIENT.NS
Cyient DLM,CYIENTDLM.NS
Dabur India,DABUR.NS
Dai-Ichi Karkaria,DAICHI.NS
Dalmia Bharat,DALBHARAT.NS
Dalmia Bharat Sugar and Industries,DALMIASUG.NS
Dam Capital Advisors,DAMCAPITAL.NS
Damodar Industries,DAMODARIND.NS
Dangee Dums,DANGEE.NS
Datamatics Global Services,DATAMATICS.NS
Data Patterns (India),DATAPATTNS.NS
Davangere Sugar Company,DAVANGERE.NS
D.B.Corp,DBCORP.NS
Deepak Builders & Engineers India,DBEIL.NS
Dilip Buildcon,DBL.NS
Dhampur Bio Organics,DBOL.NS
Valor Estate,DBREALTY.NS
DB (International) Stock Brokers,DBSTOCKBRO.NS
Dishman Carbogen Amcis,DCAL.NS
DCB Bank,DCBBANK.NS
Dc Infotech And Communication,DCI.NS
DCM,DCM.NS
DCM Financial Services,DCMFINSERV.NS
DCM Nouvelle,DCMNVL.NS
DCM Shriram,DCMSHRIRAM.NS
DCM Shriram International,DCMSIL.NS
DCM Shriram Industries,DCMSRIND.NS
DCW,DCW.NS
DCX Systems,DCXINDIA.NS
Ddev Plastiks Industries,DDEVPLSTIK.NS
Deccan Cements,DECCANCE.NS
Deccan Gold Mines,DECNGOLD.NS
DEE Development Engineers,DEEDEV.NS
Deepak Fertilizers and Petrochemicals Corporation,DEEPAKFERT.NS
Deepak Nitrite,DEEPAKNTR.NS
Deep Industries,DEEPINDS.NS
Delhivery,DELHIVERY.NS
DELPHI WORLD MONEY,DELPHIFX.NS
Delta Corp,DELTACORP.NS
Delta Manufacturing,DELTAMAGNT.NS
Den Networks,DEN.NS
De Nora India,DENORA.NS
Denta Water and Infra Solutions,DENTA.NS
Dev Information Technology,DEVIT.NS
Dev Accelerator,DEVX.NS
Devyani International,DEVYANI.NS
Digicontent,DGCONTENT.NS
Dhampur Sugar Mills,DHAMPURSUG.NS
Dhanlaxmi Bank,DHANBANK.NS
Dhanuka Agritech,DHANUKA.NS
DHARAN INFRA-EPC,DHARAN.NS
Dharmaj Crop Guard,DHARMAJ.NS
Dhruv Consultancy Services,DHRUV.NS
Dhunseri Investments,DHUNINV.NS
Diamond Power Infrastructure,DIACABS.NS
Diamines & Chemicals,DIAMINESQ.NS
Prataap Snacks,DIAMONDYD.NS
DIC India,DICIND.NS
Diffusion Engineers,DIFFNKG.NS
Digidrive Distributors,DIGIDRIVE.NS
DiGiSPICE Technologies,DIGISPICE.NS
Digitide Solutions,DIGITIDE.NS
Digjam,DIGJAMLMTD.NS
Disa India,DISAQ.NS
Dish TV India,DISHTV.NS
Divgi Torqtransfer Systems,DIVGIITTS.NS
Divi's Laboratories,DIVISLAB.NS
Dixon Technologies (India),DIXON.NS
DJ Mediaprint & Logistics,DJML.NS
DLF,DLF.NS
D-Link (India),DLINKINDIA.NS
Avenue Supermarts,DMART.NS
DMCC SPECIALITY CHEMICALS,DMCC.NS
Diligent Media Corporation,DNAMEDIA.NS
Dodla Dairy,DODLA.NS
Dolat Algotech,DOLATALGO.NS
Dollar Industries,DOLLAR.NS
Dolphin Offshore Enterprises (India),DOLPHIN.NS
DOMS Industries,DOMS.NS
Donear Industries,DONEAR.NS
D. P. Abhushan,DPABHUSHAN.NS
DPSC,DPSCLTD.NS
D P Wires,DPWIRES.NS
Dr Agarwals Eye Hospital,DRAGARWQ.NS
DRC Systems India,DRCSYSTEMS.NS
Dreamfolks Services,DREAMFOLKS.NS
Dredging Corporation of India,DREDGECORP.NS
Dr. Reddy's Laboratories,DRREDDY.NS
DCM Shriram Fine Chemicals,DSFCL.NS
Dynacons Systems & Solutions,DSSL.NS
Dhunseri Tea & Industries,DTIL.NS
Ducon Infratechnologies,DUCON.NS
Dhunseri Ventures,DVL.NS
Dwarikesh Sugar Industries,DWARKESH.NS
Dynamic Cables,DYCL.NS
Dynamatic Technologies,DYNAMATECH.NS
Dynemic Products,DYNPRO.NS
E2E Networks,E2E.NS
Easy Trip Planners,EASEMYTRIP.NS
Eastern Silk Industries,EASTSILK.NS
GNG Electronics,EBGNG.NS
eClerx Services,ECLERX.NS
Ecos (India) Mobility & Hospitality,ECOSMOBLTY.NS
Edelweiss Financial Services,EDELWEISS.NS
EFC (I),EFCIL.NS
Eicher Motors,EICHERMOT.NS
EID Parry India,EIDPARRY.NS
Enviro Infra Engineers,EIEL.NS
Euro India Fresh Foods,EIFFL.NS
EIH Associated Hotels,EIHAHOTELS.NS
EIH,EIHOTEL.NS
Eimco Elecon (India),EIMCOELECO.NS
Everest Kanto Cylinder,EKC.NS
Elantas Beck India,ELANTAS.NS
EL CID Investments,ELCIDIN.NS
Eldeco Housing And Industries,ELDEHSG.NS
Elecon Engineering Company,ELECON.NS
Electrosteel Castings,ELECTCAST.NS
Electrotherm (India),ELECTHERM.NS
Elgi Equipments,ELGIEQUIP.NS
Elgi Rubber Company,ELGIRUBCO.NS
Elin Electronics,ELIN.NS
Elitecon International,ELITECON.NS
Ellenbarrie Industrial Gases,ELLEN.NS
Elpro International,ELPROINTL.NS
Emami,EMAMILTD.NS
Emami Paper Mills,EMAMIPAP.NS
Emami Realty,EMAMIREAL.NS
Embassy Developments,EMBDL.NS
Emcure Pharmaceuticals,EMCURE.NS
Electronics Mart India,EMIL.NS
Emkay Global Financial Services,EMKAY.NS
Emmbi Industries,EMMBI.NS
Emmvee Photovoltaic Power,EMMVEE.NS
Empower India,EMPOWER.NS
EMS,EMSLIMITED.NS
eMudhra,EMUDHRA.NS
Endurance Technologies,ENDURANCE.NS
Energy Development Company,ENERGYDEV.NS
Engineers India,ENGINERSIN.NS
Entertainment Network (India),ENIL.NS
Siemens Energy India,ENRIN.NS
Entero Healthcare Solutions,ENTERO.NS
EPACK Durable,EPACK.NS
EPack Prefab Technologies,EPACKPEB.NS
Epigral,EPIGRAL.NS
EPL,EPL.NS
Equippp Social Impact Technologies,EQUIPPP.NS
Equitas Small Finance Bank,EQUITASBNK.NS
Eris Lifesciences,ERIS.NS
Esab India,ESABINDIA.NS
ESAF Small Finance Bank,ESAFSFB.NS
Escorts Kubota,ESCORTS.NS
Essar Shipping,ESSARSHPNG.NS
Integra Essentia Limited-RE,ESSEN-RE3.NS
Integra Essentia,ESSENTIA.NS
Ester Industries,ESTER.NS
ETERNAL,ETERNAL.NS
Ethos,ETHOSLTD.NS
Eureka Forbes,EUREKAFORB.NS
Euro Panel Products,EUROBOND.NS
Euro Pratik Sales,EUROPRATIK.NS
Eurotex Industries and Exports,EUROTEXIND.NS
Eveready Industries India,EVEREADY.NS
Everest Industries,EVERESTIND.NS
Excel Industries,EXCELINDUS.NS
Excelsoft Technologies,EXCELSOFT.NS
Exicom Tele-Systems,EXICOM.NS
Exide Industries,EXIDEIND.NS
Expleo Solutions,EXPLEOSOL.NS
Exxaro Tiles,EXXARO.NS
Fabtech Technologies,FABTECH.NS
Fertilizers and Chemicals Travancore,FACT.NS
Fairchem Organics,FAIRCHEMOR.NS
Faze Three,FAZE3Q.NS
Fineotex Chemical,FCL.NS
FCS Software Solutions,FCSSOFT.NS
FDC,FDC.NS
Fedders Holding,FEDDERSHOL.NS
The Federal Bank,FEDERALBNK.NS
Fedbank Financial Services,FEDFINA.NS
Future Enterprises,FEL.NS
Future Enterprises,FELDVR.NS
Fermenta Biotech,FERMENTA.NS
Fiberweb (India),FIBERWEB.NS
Fiem Industries,FIEMIND.NS
Filatex India,FILATEX.NS
Filatex Fashions,FILATFASH.NS
Finolex Cables,FINCABLES.NS
Fine Organic Industries,FINEORG.NS
Finkurve Financial Services,FINKURVE.NS
Fino Payments Bank,FINOPB.NS
Finolex Industries,FINPIPE.NS
Brainbees Solutions,FIRSTCRY.NS
Fischer Medical Ventures,FISCHER.NS
Five-Star Business Finance,FIVESTAR.NS
Flair Writing Industries,FLAIR.NS
Flexituff Ventures International,FLEXITUFF.NS
Future Lifestyle Fashions,FLFL.NS
Gujarat Fluorochemicals,FLUOROCHEM.NS
Federal-Mogul Goetze (India) Limited.,FMGOETZE.NS
Future Market Networks,FMNL.NS
Focus Lighting and Fixtures,FOCUS.NS
Foods & Inns,FOODSIN.NS
FORCE MOTORS,FORCEMOT.NS
Fortis Healthcare,FORTIS.NS
Foseco India,FOSECOIND.NS
Fractal Analytics,FRACTAL.NS
Frontier Springs,FRONTSP.NS
Firstsource Solutions,FSL.NS
Fusion Finance,FUSION.NS
Gabriel India,GABRIEL.NS
Gujarat Ambuja Exports,GAEL.NS
GAIL (India),GAIL.NS
Gala Precision Engineering,GALAPREC.NS
Galaxy Surfactants,GALAXYSURF.NS
Gallantt Ispat,GALLANTT.NS
Gandhar Oil Refinery (India),GANDHAR.NS
Gandhi Special Tubes,GANDHITUBE.NS
Ganesha Ecosphere,GANECOS.NS
Ganesh Benzoplast,GANESHBE.NS
Ganesh Consumer Products,GANESHCP.NS
GANESH HOUSING,GANESHHOU.NS
Ganga Forging,GANGAFORGE.NS
Ganges Securities,GANGESSECU.NS
Garware Technical Fibres,GARFIBRES.NS
Garuda Construction and Engineering,GARUDA.NS
GACM Technologies,GATECH.NS
GACM Technologies,GATECHDVR.NS
Gateway Distriparks,GATEWAY.NS
Gaudium IVF and Women Health,GAUDIUMIVF.NS
Gayatri Highways,GAYAHWS.NS
Gayatri Projects,GAYAPROJ.NS
Gretex Corporate Services,GCSL.NS
GeeCee Ventures,GEECEE.NS
Geekay Wires,GEEKAYWIRE.NS
Gem Aromatics,GEMAROMA.NS
Generic Engineering Construction and Projects,GENCON.NS
Genesys International Corporation,GENESYS.NS
Gensol Engineering,GENSOL.NS
Genus Paper & Boards,GENUSPAPER.NS
Genus Power Infrastructures,GENUSPOWER.NS
Geojit Financial Services,GEOJITFSL.NS
The Great Eastern Shipping Company,GESHIP.NS
GFL,GFLLIMITED.NS
GHCL,GHCL.NS
GHCL Textiles,GHCLTEXTIL.NS
GIC Housing Finance,GICHSGFIN.NS
Globe International Carriers,GICL.NS
General Insurance Corporation of India,GICRE.NS
Gillanders Arbuthnot & Company,GILLANDERS.NS
Gillette India,GILLETTE.NS
Ginni Filaments,GINNIFILA.NS
Gujarat Industries Power Company,GIPCL.NS
GK Energy,GKENERGY.NS
Gujarat Kidney And Super Speciality,GKSL.NS
GKW,GKWLIMITED.NS
Gland Pharma,GLAND.NS
GlaxoSmithKline Pharmaceuticals,GLAXO.NS
Glenmark Pharmaceuticals,GLENMARK.NS
Gujarat Lease Financing,GLFL.NS
Global Education,GLOBAL.NS
Globale Tessile,GLOBALE.NS
Global Vectra Helicorp,GLOBALVECT.NS
GLOBE ENTERPRISES (INDIA),GLOBE.NS
Globe Civil Projects,GLOBECIVIL.NS
Globus Spirits,GLOBUSSPR.NS
Gloster,GLOSTERLTD.NS
Glottis,GLOTTIS.NS
GM Breweries,GMBREW.NS
Gujarat Mineral Development Corporation,GMDCLTD.NS
GMM Pfaudler,GMMPFAUDLR.NS
GMR AIRPORTS,GMRAIRPORT.NS
GMR Power and Urban Infra,GMRP&UI.NS
GNA Axles,GNA.NS
Gujarat Narmada Valley Fertilizers and Chemicals,GNFC.NS
Gujarat Natural Resources,GNRL.NS
Goa Carbon,GOACARBON.NS
GOCL Corporation,GOCLCORP.NS
Go Fashion (India),GOCOLORS.NS
Godavari Biorefineries,GODAVARIB.NS
Godfrey Phillips India,GODFRYPHLP.NS
Go Digit General Insurance,GODIGIT.NS
Godrej Agrovet,GODREJAGRO.NS
Godrej Consumer Products,GODREJCP.NS
Godrej Industries,GODREJIND.NS
Godrej Properties,GODREJPROP.NS
Gokaldas Exports,GOKEX.NS
Gokul Refoils and Solvent,GOKUL.NS
Gokul Agro Resources,GOKULAGRO.NS
Golden Tobacco,GOLDENTOBC.NS
Goldiam International,GOLDIAM.NS
AION-TECH SOLUTIONS,GOLDTECH.NS
Goodluck India,GOODLUCK.NS
Goodyear India,GOODYEAR.NS
Gopal Snacks,GOPAL.NS
Goyal Aluminiums,GOYALALUM.NS
Godawari Power And Ispat,GPIL.NS
Gujarat Pipavav Port,GPPL.NS
GPT Healthcare,GPTHEALTH.NS
GPT Infraprojects,GPTINFRA.NS
Gradiente Infotainment,GRADIENTE.NS
Grand Oak Canyons Distillery,GRANDOAK.NS
Granules India,GRANULES.NS
Graphite India,GRAPHITE.NS
Grasim Industries,GRASIM.NS
Grauer & Weil India,GRAUWEIL.NS
Graviss Hospitality,GRAVISSHO.NS
Gravita India,GRAVITA.NS
Greaves Cotton,GREAVESCOT.NS
Greenlam Industries,GREENLAM.NS
Greenpanel Industries,GREENPANEL.NS
Greenply Industries,GREENPLY.NS
Orient Green Power Company,GREENPOWER.NS
Grindwell Norton,GRINDWELL.NS
G R Infraprojects,GRINFRA.NS
GRM Overseas,GRMOVER.NS
The Grob Tea Company,GROBTEA.NS
Billionbrains Garage Ventures,GROWW.NS
GRP,GRPLTD.NS
Garden Reach Shipbuilders & Engineers,GRSE.NS
Garware Hi-Tech Films,GRWRHITECH.NS
Gujarat State Fertilizers & Chemicals,GSFC.NS
Global Surfaces,GSLSU.NS
GSP Crop Science,GSPCROP.NS
GSS Infotech,GSS.NS
G-TEC JAINX EDUCATION,GTECJAINX.NS
GTL,GTL.NS
GTL Infrastructure,GTLINFRA.NS
GTPL Hathway,GTPL.NS
Gufic Biosciences,GUFICBIO.NS
Gujarat Alkalies and Chemicals,GUJALKALI.NS
Gujarat Apollo Industries,GUJAPOLLO.NS
Gujarat Gas,GUJGASLTD.NS
Gujarat Raffia Industries,GUJRAFFIA.NS
Gujarat Themis Biosyn,GUJTHEM.NS
Gulf Oil Lubricants India,GULFOILLUB.NS
GP Petroleums,GULFPETRO.NS
Gulshan Polyols,GULPOLY.NS
GVK Power & Infrastructure,GVKPIL.NS
GE Power India,GVPIL.NS
GVP Infotech,GVPTECH.NS
GE Vernova T&D India,GVT&D.NS
Hindustan Aeronautics,HAL.NS
Halder Venture,HALDER.NS
Haldyn Glass,HALDYNGL.NS
HALEOS LABS,HALEOSLABS.NS
Happiest Minds Technologies,HAPPSTMNDS.NS
Happy Forgings,HAPPYFORGE.NS
Hardwyn India,HARDWYN.NS
Hariom Pipe Industries,HARIOMPIPE.NS
Harrisons  Malayalam,HARRMALAYA.NS
Harsha Engineers International,HARSHA.NS
Hathway Cable & Datacom,HATHWAY.NS
Hatsun Agro Product,HATSUN.NS
Havells India,HAVELLS.NS
Sri Havisha Hospitality and Infrastructure,HAVISHA.NS
Hawkins Cookers,HAWKINCOOK.NS
HB Estate Developers,HBESD.NS
HBL Engineering,HBLENGINE.NS
HB Stockholdings,HBSL.NS
Hindustan Construction Company,HCC.NS
Healthcare Global Enterprises,HCG.NS
HCL Infosystems,HCL-INSYS.NS
HCL Technologies,HCLTECH.NS
HDB Financial Services,HDBFS.NS
HDFC Asset Management Company,HDFCAMC.NS
HDFC Bank,HDFCBANK.NS
HDFC Life Insurance Company,HDFCLIFE.NS
Housing Development and Infrastructure,HDIL.NS
Heads UP Ventures,HEADSUP.NS
Health X Platform,HEALTHX.NS
HEC Infra Projects,HECPROJECT.NS
HEG,HEG.NS
HeidelbergCement India,HEIDELBERG.NS
Hemisphere Properties India,HEMIPROP.NS
Heranba Industries,HERANBA.NS
Heritage Foods,HERITGFOOD.NS
Hero MotoCorp,HEROMOTOCO.NS
Hester Biosciences,HESTERBIO.NS
Hexa Tradex,HEXATRADEX.NS
Hexaware Technologies,HEXT.NS
HFCL,HFCL.NS
H.G. Infra Engineering,HGINFRA.NS
HandsOn Global Management (HGM),HGM.NS
Hinduja Global Solutions,HGS.NS
Hikal,HIKAL.NS
Highway Infrastructure,HILINFRA.NS
Hilton Metal Forging,HILTON.NS
Himatsingka Seide,HIMATSEIDE.NS
Hindalco Industries,HINDALCO.NS
Hindustan Composites,HINDCOMPOS.NS
Hindcon Chemicals,HINDCON.NS
Hindustan Copper,HINDCOPPER.NS
Hindustan Oil Exploration Company,HINDOILEXP.NS
Hindustan Petroleum Corporation,HINDPETRO.NS
Hindustan Unilever,HINDUNILVR.NS
Hindware Home Innovation,HINDWAREAP.NS
Hindustan Zinc,HINDZINC.NS
Hind Rectifiers,HIRECT.NS
Hisar Metal Industries,HISARMETAL.NS
Hi-Tech Pipes,HITECH.NS
Hitech Corporation,HITECHCORP.NS
The Hi-Tech Gears,HITECHGEAR.NS
HLE Glascoat,HLEGLAS.NS
HLV,HLVLTD.NS
HMA Agro Industries,HMAAGRO.NS
HMT,HMT.NS
Hindustan Media Ventures,HMVL.NS
Hindustan Foods,HNDFDS.NS
Home First Finance Company India,HOMEFIRST.NS
Honasa Consumer,HONASA.NS
Honeywell Automation India,HONAUT.NS
Honda India Power Products,HONDAPOWER.NS
HP Adhesives,HPAL.NS
Hindprakash Industries,HPIL.NS
HPL Electric & Power,HPL.NS
Himadri Speciality Chemical,HSCL.NS
HT Media,HTMEDIA.NS
Hubtown,HUBTOWN.NS
Housing & Urban Development Corporation,HUDCO.NS
Huhtamaki India,HUHTAMAKI.NS
Hybrid Financial Services,HYBRIDFIN.NS
Hyundai Motor India,HYUNDAI.NS
Indiabulls,IBULLSLTD.NS
ICDS,ICDSLTD.NS
Ice Make Refrigeration,ICEMAKE.NS
ICICI Prudential Asset Management Company,ICICIAMC.NS
ICICI Bank,ICICIBANK.NS
ICICI Lombard General Insurance Company,ICICIGI.NS
ICICI Prudential Life Insurance Company,ICICIPRULI.NS
Indo Count Industries,ICIL.NS
ICRA,ICRA.NS
IDBI Bank,IDBI.NS
Vodafone Idea,IDEA.NS
Ideaforge Technology,IDEAFORGE.NS
IDFC First Bank,IDFCFIRSTB.NS
Indian Energy Exchange,IEX.NS
IFB Agro Industries,IFBAGRO.NS
IFB Industries,IFBIND.NS
IFCI,IFCI.NS
IFGL Refractories,IFGLEXPOR.NS
Igarashi Motors India,IGARASHI.NS
Indogulf Cropsciences,IGCL.NS
International Gemological Institute,IGIL.NS
Indraprastha Gas,IGL.NS
IG Petrochemicals,IGPL.NS
IIFL Finance,IIFL.NS
IIFL Capital Services,IIFLCAPS.NS
Industrial Investment Trust,IITL.NS
IKIO Technologies,IKIO.NS
Inventurus Knowledge Solutions,IKS.NS
IL&FS Engineering and Construction Company,IL&FSENGG.NS
IL&FS Transportation Networks,IL&FSTRANS.NS
Imagicaaworld Entertainment,IMAGICAA.NS
Indian Metals & Ferro Alloys,IMFA.NS
India Motor Parts and Accessories,IMPAL.NS
Impex Ferro Tech,IMPEXFERRO.NS
Insolation Energy,INA.NS
INCREDIBLE INDUSTRIES,INCREDIBLE.NS
Indbank Merchant Banking Services,INDBANK.NS
Indegene,INDGN.NS
The Indian Hotels Company,INDHOTEL.NS
The India Cements,INDIACEM.NS
India Glycols,INDIAGLYCO.NS
Indiamart Intermesh,INDIAMART.NS
Indian Bank,INDIANB.NS
Indian Card Clothing Company,INDIANCARD.NS
Indian Hume Pipe Company,INDIANHUME.NS
India Shelter Finance Corporation,INDIASHLTR.NS
InterGlobe Aviation,INDIGO.NS
Indigo Paints,INDIGOPNTS.NS
Indiqube Spaces,INDIQUBE.NS
India Nippon Electricals,INDNIPPON.NS
Indo Amines,INDOAMIN.NS
Indo Borax & Chemicals,INDOBORAX.NS
Indoco Remedies,INDOCO.NS
Indo Farm Equipment,INDOFARM.NS
Indo Rama Synthetics (India),INDORAMA.NS
IndoStar Capital Finance,INDOSTAR.NS
Indo Tech Transformers,INDOTECH.NS
Indo Thai Securities,INDOTHAI.NS
Indo Us Biotech,INDOUS.NS
Indowind Energy,INDOWIND.NS
Industrial & Prudential Investment Company,INDPRUD.NS
Indraprastha Medical Corporation,INDRAMEDCO.NS
Ind-Swift Laboratories,INDSWFTLAB.NS
Indian Terrain Fashions,INDTERRAIN.NS
IndusInd Bank,INDUSINDBK.NS
Indus Towers,INDUSTOWER.NS
InfoBeans Technologies,INFOBEAN.NS
Infomedia Press,INFOMEDIA.NS
Infosys,INFY.NS
Ingersoll Rand (India),INGERRAND.NS
Innova Captab,INNOVACAP.NS
Innovana Thinklabs,INNOVANA.NS
Innovision,INNOVISION.NS
Inox Green Energy Services,INOXGREEN.NS
INOX India,INOXINDIA.NS
Inox Wind,INOXWIND.NS
Insecticides (India),INSECTICID.NS
Inspirisys Solutions,INSPIRISYS.NS
Intellect Design Arena,INTELLECT.NS
Intense Technologies,INTENTECH.NS
Interarch Building Solutions,INTERARCH.NS
International Conveyors,INTLCONV.NS
Inventure Growth & Securities,INVENTURE.NS
Investment & Precision Castings,INVPRECQ.NS
Indian Overseas Bank,IOB.NS
Indian Oil Corporation,IOC.NS
IOL Chemicals and Pharmaceuticals,IOLCP.NS
ION Exchange (India),IONEXCHANG.NS
IPCA Laboratories,IPCALAB.NS
India Pesticides,IPL.NS
IRB Infrastructure Developers,IRB.NS
Ircon International,IRCON.NS
Indian Railway Catering And Tourism Corporation,IRCTC.NS
Indian Renewable Energy Development Agency,IREDA.NS
Indian Railway Finance Corporation,IRFC.NS
IRIS RegTech Solutions,IRIS.NS
Iris Clothings,IRISDOREME.NS
IRM Energy,IRMENERGY.NS
Intrasoft Technologies,ISFT.NS
Isgec Heavy Engineering,ISGEC.NS
Ishan Dyes and Chemicals,ISHANCH.NS
ITC,ITC.NS
ITC Hotels,ITCHOTELS.NS
India Tourism Development Corporation,ITDC.NS
ITI,ITI.NS
Ivalue Infosolutions,IVALUE.NS
IL&FS Investment Managers,IVC.NS
IVP,IVP.NS
The Indian Wood Products Company,IWP.NS
Le Travenues Technology,IXIGO.NS
IZMO,IZMO.NS
The Jammu & Kashmir Bank,J&KBANK.NS
Jagran Prakashan,JAGRAN.NS
Jagsonpal Pharmaceuticals,JAGSNPHARM.NS
Jai Balaji Industries,JAIBALAJI.NS
Jai Corp,JAICORPLTD.NS
Jain Resource Recycling,JAINREC.NS
Nandani Creation,JAIPURKURT.NS
Jamna Auto Industries,JAMNAAUTO.NS
Jaro Institute of Technology Management and Research,JARO.NS
Jash Engineering,JASH.NS
Jayant Agro Organics,JAYAGROGN.NS
Jay Bharat Maruti,JAYBARMARU.NS
Jaykay Enterprises,JAYKAY.NS
Jayaswal Neco Industries,JAYNECOIND.NS
Jayshree Tea & Industries,JAYSREETEA.NS
JB Chemicals & Pharmaceuticals,JBCHEPHARM.NS
JBM Auto,JBMA.NS
Jet Freight Logistics,JETFREIGHT.NS
J.G.Chemicals,JGCHEM.NS
JHS Svendgaard Laboratories,JHS.NS
Jindal Photo,JINDALPHOT.NS
Jindal Poly Films,JINDALPOLY.NS
Jindal Saw,JINDALSAW.NS
JINDAL STEEL,JINDALSTEL.NS
Jindal Drilling And Industries,JINDRILL.NS
Jindal Worldwide,JINDWORLD.NS
Jio Financial Services,JIOFIN.NS
Jain Irrigation Systems,JISLDVREQS.NS
Jain Irrigation Systems,JISLJALEQS.NS
JITF Infralogistics,JITFINFRA.NS
JK Cement,JKCEMENT.NS
J.Kumar Infraprojects,JKIL.NS
Jinkushal Industries,JKIPL.NS
JK Lakshmi Cement,JKLAKSHMI.NS
JK Paper,JKPAPER.NS
JK Tyre & Industries,JKTYRE.NS
Jupiter Life Line Hospitals,JLHL.NS
Jullundur Motor Agency (Delhi),JMA.NS
JM Financial,JMFINANCIL.NS
JNK India,JNKINDIA.NS
Jocil,JOCIL.NS
Jindal Poly Investment and Finance Company,JPOLYINVST.NS
Jaiprakash Power Ventures,JPPOWER.NS
Jana Small Finance Bank,JSFB.NS
Jindal Stainless,JSL.NS
Jeena Sikho Lifecare,JSLL.NS
JSW Cement,JSWCEMENT.NS
JSW Dulux,JSWDULUX.NS
JSW Energy,JSWENERGY.NS
JSW Holdings,JSWHL.NS
JSW Infrastructure,JSWINFRA.NS
JSW Steel,JSWSTEEL.NS
Jtekt India,JTEKTINDIA.NS
JTL INDUSTRIES,JTLIND.NS
Jubilant Agri and Consumer Products,JUBLCPL.NS
Jubilant Foodworks,JUBLFOOD.NS
Jubilant Ingrevia,JUBLINGREA.NS
Jubilant Pharmova,JUBLPHARMA.NS
Juniper Hotels,JUNIPER.NS
Just Dial,JUSTDIAL.NS
Jupiter Wagons,JWL.NS
Jyothy Labs,JYOTHYLAB.NS
Jyoti CNC Automation,JYOTICNC.NS
Jyoti Structures,JYOTISTRUC.NS
Kabra Extrusion Technik,KABRAEXTRU.NS
Kajaria Ceramics,KAJARIACER.NS
Kakatiya Cement Sugar & Industries,KAKATCEM.NS
Sai Silks (Kalamandir),KALAMANDIR.NS
Kalpataru,KALPATARU.NS
Kalyani Commercials,KALYANI.NS
Kalyani Forge,KALYANIFRG.NS
Kalyan Jewellers India,KALYANKJIL.NS
Kama Holdings,KAMAHOLD.NS
Kamat Hotels (I),KAMATHOTEL.NS
Kamdhenu,KAMDHENU.NS
Kamdhenu Ventures,KAMOPAINTS.NS
Kanani Industries,KANANIIND.NS
Kanchi Karpooram,KANCHI.NS
Kanoria Chemicals & Industries,KANORICHEM.NS
Kanpur Plastipack,KANPRPLA.NS
Kansai Nerolac Paints,KANSAINER.NS
Kapston Services,KAPSTON.NS
Karma Energy,KARMAENG.NS
Karur Vysya Bank,KARURVYSYA.NS
Kaushalya Infrastructure Development Corporation,KAUSHALYA.NS
Kavveri Defence & Wireless Technologies,KAVDEFENCE.NS
Kaya,KAYA.NS
Kaynes Technology India,KAYNES.NS
KCP,KCP.NS
KCP Sugar and Industries Corporation,KCPSUGIND.NS
KDDL,KDDL.NS
KEC International,KEC.NS
Kirloskar Electric Company,KECL.NS
DSJ Keep Learning,KEEPLEARN.NS
KEI Industries,KEI.NS
Kellton Tech Solutions,KELLTONTEC.NS
Kennametal India,KENNAMET.NS
Kernex Microsystems (India),KERNEX.NS
Kesoram Industries,KESORAMIND.NS
Keynote Financial Services,KEYFINSERV.NS
Kfin Technologies,KFINTECH.NS
Khadim India,KHADIM.NS
Khaitan Chemicals & Fertilizers,KHAICHEM.NS
Khaitan (India),KHAITANLTD.NS
Khandwala Securities,KHANDSE.NS
Kalyani Investment Company,KICL.NS
Kilitch Drugs (India),KILITCH.NS
Krishna Institute of Medical Sciences,KIMS.NS
Kingfa Science & Technology (India),KINGFA.NS
KIOCL,KIOCL.NS
Kiran Vyapar,KIRANVYPAR.NS
Kiri Industries,KIRIINDUS.NS
Kirloskar Ferrous Industries,KIRLFER.NS
Kirloskar Brothers,KIRLOSBROS.NS
Kirloskar Oil Engines,KIRLOSENG.NS
Kirloskar Industries,KIRLOSIND.NS
Kirloskar Pneumatic Company,KIRLPNU.NS
OnEMI Technology Solutions,KISSHT.NS
Kitex Garments,KITEX.NS
Kewal Kiran Clothing,KKCL.NS
Kilburn Engineering,KLBRENG-B.NS
Knowledge Marine & Engineering Works,KMEW.NS
K.M.Sugar Mills,KMSUGAR.NS
KN Agri Resources,KNAGRI.NS
KNR Constructions,KNRCON.NS
Kohinoor Foods,KOHINOOR.NS
Kokuyo Camlin,KOKUYOCMLN.NS
Kolte - Patil Developers,KOLTEPATIL.NS
Kopran,KOPRAN.NS
Kotak Mahindra Bank,KOTAKBANK.NS
Kothari Sugars And Chemicals,KOTARISUG.NS
Kothari Petrochemicals,KOTHARIPET.NS
Kothari Products,KOTHARIPRO.NS
Kothari Industrial Corporation,KOTIC.NS
Kotyark Industries,KOTYARK.NS
Kovai Medical Center & Hospital,KOVAI.NS
K.P. Energy,KPEL.NS
KPI Green Energy,KPIGREEN.NS
Kalpataru Projects International,KPIL.NS
KPIT Technologies,KPITTECH.NS
Kwality Pharmaceuticals,KPL.NS
K.P.R. Mill,KPRMILL.NS
KRBL,KRBL.NS
Krebs Biochemicals and Industries,KREBSBIO.NS
Kridhan Infra,KRIDHANINF.NS
Krishana Phoschem,KRISHANA.NS
Krishival Foods,KRISHIVAL.NS
Krishna Defence And Allied Industries,KRISHNADEF.NS
Kriti Industries (India),KRITI.NS
Kritika Wires,KRITIKA.NS
Kriti Nutrients,KRITINUT.NS
KRN Heat Exchanger and Refrigeration,KRN.NS
Kronox Lab Sciences,KRONOX.NS
Kross,KROSS.NS
Krsnaa Diagnostics,KRSNAA.NS
Krystal Integrated Services,KRYSTAL.NS
Ksb,KSB.NS
Kaveri Seed Company,KSCL.NS
KSH International,KSHINTL.NS
Kshitij Polyline,KSHITIJPOL.NS
Kalyani Steels,KSL.NS
Ksolves India,KSOLVES.NS
KSR Footwear,KSR.NS
The Karnataka Bank,KTKBANK.NS
Kuantum Papers,KUANTUM.NS
Kwality Wall's (India),KWIL.NS
Lagnam Spintex,LAGNAM.NS
Lahoti Overseas,LAHOTIOV.NS
Lakshmi Precision Screws,LAKPRE.NS
Lorenzini Apparels,LAL.NS
Dr. Lal Path Labs,LALPATHLAB.NS
Lambodhara Textiles,LAMBODHARA.NS
Lancor Holdings,LANCORHOL.NS
Landmark Cars,LANDMARK.NS
Landsmill Green,LANDSMILL.NS
La Opala RG,LAOPALA.NS
Lasa Supergenerics,LASA.NS
Latent View Analytics,LATENTVIEW.NS
Latteys Industries,LATTEYS.NS
Laurus Labs,LAURUSLABS.NS
Laxmi Cotspin,LAXMICOT.NS
Laxmi Dental,LAXMIDENTL.NS
Laxmi India Finance,LAXMIINDIA.NS
LCC Infotech,LCCINFOTEC.NS
Le Merite Exports,LEMERITE.NS
Lemon Tree Hotels,LEMONTREE.NS
Lenskart Solutions,LENSKART.NS
Lexus Granito (India),LEXUS.NS
Lakshmi Finance & Industrial Corporation,LFIC.NS
LG Balakrishnan & Bros,LGBBROSLTD.NS
LG Electronics India,LGEINDIA.NS
Laxmi Goldorna House,LGHL.NS
Libas Consumer Products,LIBAS.NS
Liberty Shoes,LIBERTSHOE.NS
LIC Housing Finance,LICHSGFIN.NS
Life Insurance Corporation Of India,LICI.NS
Likhitha Infrastructure,LIKHITHA.NS
Linc,LINC.NS
Lincoln Pharmaceuticals,LINCOLN.NS
Linde India,LINDEINDIA.NS
LLOYDS ENGINEERING WORKS,LLOYDSENGG.NS
Lloyds Enterprises,LLOYDSENT.NS
Lloyds Metals And Energy,LLOYDSME.NS
LMW,LMW.NS
Lodha Developers,LODHA.NS
Lokesh Machines,LOKESHMACH.NS
Lords Chloro Alkali,LORDSCHLO.NS
Sri Lotus Developers and Realty,LOTUSDEV.NS
Lotus Eye Hospital and Institute,LOTUSEYE.NS
Lovable Lingerie,LOVABLE.NS
Loyal Textile Mills,LOYALTEX.NS
Landmark Property Development Company,LPDC.NS
Larsen & Toubro,LT.NS
L&T Finance,LTF.NS
LT Foods,LTFOODS.NS
LTM,LTM.NS
L&T Technology Services,LTTS.NS
Lumax Industries,LUMAXIND.NS
Lumax Auto Technologies,LUMAXTECH.NS
Lupin,LUPIN.NS
Lux Industries,LUXIND.NS
Laxmi Organic Industries,LXCHEM.NS
Lyka Labs,LYKALABS.NS
Lypsa Gems & Jewellery,LYPSAGEMS.NS
Mahindra & Mahindra,M&M.NS
Mahindra & Mahindra Financial Services,M&MFIN.NS
Maan Aluminium,MAANALU.NS
Macpower CNC Machines,MACPOWER.NS
Madhav Marbles and Granites,MADHAV.NS
Madhav Infra Projects,MADHAVIPL.NS
Madhucon Projects,MADHUCON.NS
Madras Fertilizers,MADRASFERT.NS
Mafatlal Industries,MAFATIND.NS
Magadh Sugar & Energy,MAGADSUGAR.NS
Magnum Ventures,MAGNUM.NS
Bank of Maharashtra,MAHABANK.NS
Maha Rashtra Apex Corporation,MAHAPEXLTD.NS
Mahamaya Steel Industries,MAHASTEEL.NS
Mahindra EPC Irrigation,MAHEPC.NS
Maheshwari Logistics,MAHESHWARI.NS
Mahindra Lifespace Developers,MAHLIFE.NS
Mahindra Logistics,MAHLOG.NS
Maharashtra Scooters,MAHSCOOTER.NS
Maharashtra Seamless,MAHSEAMLES.NS
Maithan Alloys,MAITHANALL.NS
Majestic Auto,MAJESAUT.NS
Mallcom (India),MALLCOM.NS
Malu Paper Mills,MALUPAPER.NS
Mamata Machinery,MAMATA.NS
Manaksia Aluminium Company,MANAKALUCO.NS
Manaksia Coated Metals & Industries,MANAKCOAT.NS
Manaksia,MANAKSIA.NS
Manaksia Steels,MANAKSTEEL.NS
Manali Petrochemicals,MANALIPETC.NS
Manappuram Finance,MANAPPURAM.NS
Manba Finance,MANBA.NS
Mangal Credit and Fincorp,MANCREDIT.NS
Mangalam Drugs And Organics,MANGALAM.NS
Mangalam Cement,MANGLMCEM.NS
Man Industries (India),MANINDS.NS
Man Infraconstruction,MANINFRA.NS
Mankind Pharma,MANKIND.NS
Manomay Tex India,MANOMAY.NS
Manorama Industries,MANORAMA.NS
Mangalam Organics,MANORG.NS
Manugraph India,MANUGRAPH.NS
Vedant Fashions,MANYAVAR.NS
C.E. Info Systems,MAPMYINDIA.NS
Maral Overseas,MARALOVER.NS
Marathon Nextgen Realty,MARATHON.NS
Marico,MARICO.NS
Marine Electricals (India),MARINE.NS
Markolines Pavement Technologies,MARKOLINES.NS
Marksans Pharma,MARKSANS.NS
Marsons,MARSONS.NS
Maruti Suzuki India,MARUTI.NS
MAS Financial Services,MASFIN.NS
Mask Investments,MASKINVEST.NS
Mastek,MASTEK.NS
Master Trust,MASTERTR.NS
Matrimony.Com,MATRIMONY.NS
Mawana Sugars,MAWANASUG.NS
Max Estates,MAXESTATES.NS
Max Healthcare Institute,MAXHEALTH.NS
Max India,MAXIND.NS
Mayur Uniquoters,MAYURUNIQ.NS
Mazda,MAZDA.NS
Mazagon Dock Shipbuilders,MAZDOCK.NS
Madhya Bharat Agro Products,MBAPL.NS
M & B Engineering,MBEL.NS
MBL Infrastructure,MBLINFRA.NS
Mac Charles India,MCCHRLS-B.NS
Madhav Copper,MCL.NS
Mcleod Russel India,MCLEODRUSS.NS
Magellanic Cloud,MCLOUD.NS
Multi Commodity Exchange of India,MCX.NS
Global Health,MEDANTA.NS
Medi Assist Healthcare Services,MEDIASSIST.NS
Medicamen Biotech,MEDICAMEQ.NS
Medico Remedies,MEDICO.NS
Medplus Health Services,MEDPLUS.NS
Meesho,MEESHO.NS
Megastar Foods,MEGASTAR.NS
Mangal Electrical Industries,MEIL.NS
Menon Pistons,MENNPIS.NS
Menon Bearings,MENONBE.NS
MEP Infrastructure Developers,MEP.NS
Mercantile Ventures,MERCANTILE.NS
Mercury Ev-Tech,MERCURYEV.NS
Metro Brands,METROBRAND.NS
Metroglobal,METROGLOBL.NS
Metropolis Healthcare,METROPOLIS.NS
Mahalaxmi Fabric Mills,MFML.NS
Max Financial Services,MFSL.NS
Mangalam Global Enterprise,MGEL.NS
Mahanagar Gas,MGL.NS
Mahalaxmi Rubtech,MHLXMIRU.NS
Mahindra Holidays & Resorts India,MHRIL.NS
MIC Electronics,MICEL.NS
Mishra Dhatu Nigam,MIDHANI.NS
Midwest,MIDWESTLTD.NS
Minda Corporation,MINDACORP.NS
Mindteck (India),MINDTECK.NS
MIRC Electronics,MIRCELECTR.NS
Mirza International,MIRZAINT.NS
MITCON Consultancy & Engineering Services,MITCON.NS
Mittal Life Style,MITTAL.NS
M K Proteins,MKPL.NS
MM Forgings,MMFL.NS
MMP Industries,MMP.NS
MMTC,MMTC.NS
Media Matrix Worldwide,MMWL.NS
One Mobikwik Systems,MOBIKWIK.NS
Modi Naturals,MODINATUR.NS
Modi Rubber,MODIRUBBER.NS
Modis Navnirman,MODIS.NS
MODISON,MODISONLTD.NS
Modern Threads (India),MODTHREAD.NS
Mohit Industries,MOHITIND.NS
MOIL,MOIL.NS
Moksh Ornaments,MOKSH.NS
Meghmani Organics,MOL.NS
Mold-Tek Technologies,MOLDTECH.NS
Mold-Tek Packaging,MOLDTKPAC.NS
Monarch Networth Capital,MONARCH.NS
Moneyboxx Finance,MONEYBOXX.NS
Monte Carlo Fashions,MONTECARLO.NS
Morarjee Textiles,MORARJEE.NS
Morepen Laboratories,MOREPENLAB.NS
Moschip Technologies,MOSCHIP.NS
Samvardhana Motherson International,MOTHERSON.NS
Motilal Oswal Financial Services,MOTILALOFS.NS
Motisons Jewellers,MOTISONS.NS
The Motor & General Finance,MOTOGENFIN.NS
MphasiS,MPHASIS.NS
MPS,MPSLTD.NS
MRF,MRF.NS
Mangalore Refinery and Petrochemicals,MRPL.NS
MSP Steel & Power,MSPL.NS
Mstc,MSTCLTD.NS
Motherson Sumi Wiring India,MSUMI.NS
Mtar Technologies,MTARTECH.NS
MT Educare,MTEDUCARE.NS
Mahanagar Telephone Nigam,MTNL.NS
Mufin Green Finance,MUFIN.NS
Credo Brands Marketing,MUFTI.NS
Mukand,MUKANDLTD.NS
Mukka Proteins,MUKKA.NS
Mukta Arts,MUKTAARTS.NS
Munjal Auto Industries,MUNJALAU.NS
Munjal Showa,MUNJALSHOW.NS
Murudeshwar Ceramics,MURUDCERA.NS
Muthoot Capital Services,MUTHOOTCAP.NS
Muthoot Finance,MUTHOOTFIN.NS
Muthoot Microfin,MUTHOOTMF.NS
Manoj Vaibhav Gems N Jewellers,MVGJL.NS
Mangalam Worldwide,MWL.NS
NACL Industries,NACLIND.NS
Nagreeka Capital & Infrastructure,NAGREEKCAP.NS
Nagreeka Exports,NAGREEKEXP.NS
Nahar Capital and Financial Services,NAHARCAP.NS
Nahar Industrial Enterprises,NAHARINDUS.NS
Nahar Poly Films,NAHARPOLY.NS
Nahar Spinning Mills,NAHARSPING.NS
Nippon Life India Asset Management,NAM-INDIA.NS
Narmada Agrobase,NARMADA.NS
Natural Capsules,NATCAPSUQ.NS
Natco Pharma,NATCOPHARM.NS
Nath Bio-Genes (India),NATHBIOGEN.NS
National Aluminium Company,NATIONALUM.NS
National Standard (India),NATIONSTD.NS
Info Edge (India),NAUKRI.NS
NAVA,NAVA.NS
Navin Fluorine International,NAVINFLUOR.NS
Navkar Corporation,NAVKARCORP.NS
Navkar Urbanstructure,NAVKARURB.NS
Navneet Education,NAVNETEDUL.NS
Nazara Technologies,NAZARA.NS
NBCC (India),NBCC.NS
N. B. I. Industrial Finance Company,NBIFIN.NS
NCC,NCC.NS
NCL Industries,NCLIND.NS
Naga Dhunseri Group,NDGL.NS
Nandan Denim,NDL.NS
NDL Ventures,NDLVENTURE.NS
Ndr Auto Components,NDRAUTO.NS
New Delhi Television,NDTV.NS
Neelamalai Agro Industries,NEAGI.NS
North Eastern Carrying Corporation,NECCLTD.NS
Nectar Lifesciences,NECLIFE.NS
Nelcast,NELCAST.NS
NELCO,NELCO.NS
Neogen Chemicals,NEOGEN.NS
Nephrocare Health Services,NEPHROPLUS.NS
Nesco,NESCO.NS
Nestle India,NESTLEIND.NS
Netweb Technologies India,NETWEB.NS
Network18 Media & Investments,NETWORK18.NS
Neuland Laboratories,NEULANDLAB.NS
Newgen Software Technologies,NEWGEN.NS
Next Mediaworks,NEXTMEDIA.NS
National Fertilizers,NFL.NS
Nakoda Group of Industries,NGIL.NS
NGL Fine-Chem,NGLFINE.NS
Narayana Hrudayalaya,NH.NS
NHPC,NHPC.NS
The New India Assurance Company,NIACL.NS
NIBE,NIBE.NS
NRB Industrial Bearings,NIBL.NS
NIIT,NIITLTD.NS
NIIT Learning Systems,NIITMTS.NS
Nila Infrastructures,NILAINFRA.NS
Nila Spaces,NILASPACES.NS
Nile,NILE.NS
Nilkamal,NILKAMAL.NS
Nimbus Projects,NIMBSPROJ.NS
NINtec Systems,NINSYS.NS
Indo-National,NIPPOBATRY.NS
Niraj Cement Structurals,NIRAJ.NS
Niraj Ispat Industries,NIRAJISPAT.NS
Nirlon,NIRLON.NS
Nitco,NITCO.NS
Nitin Spinners,NITINSPIN.NS
Nitiraj Engineers,NITIRAJ.NS
Nitta Gelatin India,NITTAGELA.NS
Niva Bupa Health Insurance Company,NIVABUPA.NS
NK Industries,NKIND.NS
NLC India,NLCINDIA.NS
NMDC,NMDC.NS
NOCIL,NOCIL.NS
Noida Toll Bridge Company,NOIDATOLL.NS
Norben Tea & Exports,NORBTEAEXP.NS
Northern Arc Capital,NORTHARC.NS
Nova Agritech,NOVAAGRI.NS
Novartis India,NOVARTIND.NS
Network People Services Technologies,NPST.NS
N R Agarwal Industries,NRAIL.NS
NRB Bearing,NRBBEARING.NS
Nupur Recyclers,NRL.NS
Nalwa Sons Investments,NSIL.NS
NMDC Steel,NSLNISP.NS
NTPC,NTPC.NS
NTPC Green Energy,NTPCGREEN.NS
Nucleus Software Exports,NUCLEUS.NS
Nureca,NURECA.NS
Nuvama Wealth Management,NUVAMA.NS
Nuvoco Vistas Corporation,NUVOCO.NS
FSN E-Commerce Ventures,NYKAA.NS
Oriental Aromatics,OAL.NS
Orissa Bengal Carrier,OBCL.NS
Oberoi Realty,OBEROIRLTY.NS
OCCL,OCCLLTD.NS
Odigma Consultancy Solutions,ODIGMA.NS
Oracle Financial Services Software,OFSS.NS
Oil India,OIL.NS
Oil Country Tubular,OILCOUNTUB.NS
Ola Electric Mobility,OLAELEC.NS
Olectra Greentech,OLECTRA.NS
Omax Autos,OMAXAUTO.NS
Omaxe,OMAXE.NS
Om Freight Forwarders,OMFREIGHT.NS
OM INFRA,OMINFRAL.NS
Omnitech Engineering,OMNI.NS
Om Power Transmission,OMPOWER.NS
Onelife Capital Advisors,ONELIFECAP.NS
One Point One Solutions,ONEPOINT.NS
Onesource Specialty Pharma,ONESOURCE.NS
Oil & Natural Gas Corporation,ONGC.NS
OnMobile Global,ONMOBILE.NS
Onward Technologies,ONWARDTEC.NS
Optiemus Infracom,OPTIEMUS.NS
Orbit Exports,ORBTEXP.NS
Orchasp,ORCHASP.NS
Orchid Pharma,ORCHPHARMA.NS
Oricon Enterprises,ORICONENT.NS
Oriental Trimex,ORIENTALTL.NS
Orient Bell,ORIENTBELL.NS
Orient Cement,ORIENTCEM.NS
ORIENT CERATECH,ORIENTCER.NS
Orient Electric,ORIENTELEC.NS
Oriental Hotels,ORIENTHOT.NS
Orient Press,ORIENTLTD.NS
Orient Paper & Industries,ORIENTPPR.NS
Orient Technologies,ORIENTTECH.NS
The Orissa Minerals Development Company,ORISSAMINE.NS
Orkla India,ORKLAINDIA.NS
Ortel Communications,ORTEL.NS
ORTIN GLOBAL,ORTINGLOBE.NS
Osia Hyper Retail,OSIAHYPER.NS
Oswal Agro Mills,OSWALAGRO.NS
Oswal Greentech,OSWALGREEN.NS
Oswal Pumps,OSWALPUMPS.NS
ShreeOswal Seeds And Chemicals,OSWALSEEDS.NS
Pace Digitek,PACEDIGITK.NS
Page Industries,PAGEIND.NS
Paisalo Digital,PAISALO.NS
PAKKA,PAKKA.NS
Palash Securities,PALASHSECU.NS
Palred Technologies,PALREDTEC.NS
Panacea Biotec,PANACEABIO.NS
Panache Digilife,PANACHE.NS
Panama Petrochem,PANAMAPET.NS
Pansari Developers,PANSARI.NS
Par Drugs And Chemicals,PAR.NS
Paramount Communications,PARACABLES.NS
Paradeep Phosphates,PARADEEP.NS
Parag Milk Foods,PARAGMILK.NS
Paras Defence and Space Technologies,PARAS.NS
Paras Petrofils,PARASPETRO.NS
Park Medi World,PARKHOSPS.NS
Apeejay Surrendra Park Hotels,PARKHOTELS.NS
Parsvnath Developers,PARSVNATH.NS
Pashupati Cotspin,PASHUPATI.NS
Pasupati Acrylon,PASUPTAC.NS
Patanjali Foods,PATANJALI.NS
Patel Engineering,PATELENG.NS
Patel Retail,PATELRMART.NS
Patel Integrated Logistics,PATINTLOG.NS
Paushak,PAUSHAKLTD.NS
Pavna Industries,PAVNAIND.NS
One 97 Communications,PAYTM.NS
PCBL Chemical,PCBL.NS
PC Jeweller,PCJEWELLER.NS
Pudumjee Paper Products,PDMJEPAPER.NS
PDS,PDSL.NS
Pearl Polymers,PEARLPOLY.NS
Pennar Industries,PENIND.NS
Peninsula Land,PENINLAND.NS
Persistent Systems,PERSISTENT.NS
Petronet LNG,PETRONET.NS
Power Finance Corporation,PFC.NS
Pfizer,PFIZER.NS
Prime Focus,PFOCUS.NS
PTC India Financial Services,PFS.NS
PG Electroplast,PGEL.NS
Procter & Gamble Hygiene and Health Care,PGHH.NS
Procter & Gamble Health,PGHL.NS
Pearl Global Industries,PGIL.NS
The Phoenix Mills,PHOENIXLTD.NS
Piccadily Agro Industries,PICCADIL.NS
Pidilite Industries,PIDILITIND.NS
Power & Instrumentation (Gujarat),PIGL.NS
PI Industries,PIIND.NS
Pilani Investment and Industries Corporation,PILANIINVS.NS
PIL ITALICA LIFESTYLE,PILITA.NS
Pine Labs,PINELABS.NS
Pioneer Embroideries,PIONEEREMB.NS
Pioneer Investcorp,PIONRINV.NS
Piramal Finance,PIRAMALFIN.NS
Pitti Engineering,PITTIENG.NS
Pix Transmissions,PIXTRANS.NS
The Peria Karamalai Tea & Produce Company,PKTEA.NS
Plastiblends India,PLASTIBLEN.NS
Platinum Industries,PLATIND.NS
Plaza Wires,PLAZACABLE.NS
Paul Merchants,PML.NS
Punjab National Bank,PNB.NS
PNB Gilts,PNBGILTS.NS
PNB Housing Finance,PNBHOUSING.NS
Pritish Nandy Communications,PNC.NS
PNC Infratech,PNCINFRA.NS
P N Gadgil Jewellers,PNGJL.NS
PNGS Reva Diamond Jewellery,PNGSREVA.NS
Pondy Oxides & Chemicals,POCL.NS
Poddar Pigments,PODDARMENT.NS
Pokarna,POKARNA.NS
PB Fintech,POLICYBZR.NS
Polycab India,POLYCAB.NS
Poly Medicure,POLYMED.NS
Polyplex Corporation,POLYPLEX.NS
Ponni Sugars (Erode),PONNIERODE.NS
Poonawalla Fincorp,POONAWALLA.NS
Power Grid Corporation of India,POWERGRID.NS
Powerica,POWERICA.NS
Hitachi Energy India,POWERINDIA.NS
Power Mech Projects,POWERMECH.NS
PPAP Automotive,PPAP.NS
Prakash Pipes,PPL.NS
Piramal Pharma,PPLPHARMA.NS
Prabha Energy,PRABHA.NS
Pradeep Metals,PRADPME.NS
Prajay Engineers Syndicate,PRAENG.NS
Praj Industries,PRAJIND.NS
Prakash Industries,PRAKASH.NS
Prakash Steelage,PRAKASHSTL.NS
Praveg,PRAVEG.NS
Praxis Home Retail,PRAXIS.NS
Precision Camshafts,PRECAM.NS
Precot,PRECOT.NS
Precision Wires India,PRECWIRE.NS
Premco Global,PREMCO.NS
Premier Explosives,PREMEXPLN.NS
Premier,PREMIER.NS
Premier Energies,PREMIERENE.NS
Premier Polyfilm,PREMIERPOL.NS
Prestige Estates Projects,PRESTIGE.NS
Pricol,PRICOLLTD.NS
Prime Securities,PRIMESECU.NS
Primo Chemicals,PRIMO.NS
Prince Pipes And Fittings,PRINCEPIPE.NS
Priti International,PRITI.NS
Pritika Auto Industries,PRITIKAUTO.NS
Privi Speciality Chemicals,PRIVISCL.NS
Prostarm Info Systems,PROSTARM.NS
Protean eGov Technologies,PROTEAN.NS
Prozone Realty,PROZONER.NS
Prism Johnson,PRSMJOHNSN.NS
Prudent Corporate Advisory Services,PRUDENT.NS
Prudential Sugar Corporation,PRUDMOULI.NS
Punjab & Sind Bank,PSB.NS
PSP Projects,PSPPROJECT.NS
PTC India,PTC.NS
PTC Industries,PTCIL.NS
PTL Enterprises,PTL.NS
Punjab Chemicals & Crop Protection,PUNJABCHEM.NS
Puravankara,PURVA.NS
PVP Ventures,PVP.NS
PVR INOX,PVRINOX.NS
Popular Vehicles and Services,PVSL.NS
Physicswallah,PWL.NS
Pyramid Technoplast,PYRAMID.NS
Quality Power Electrical Equipments,QPOWER.NS
Quadrant Future Tek,QUADFUTURE.NS
Quess Corp,QUESS.NS
Quick Heal Technologies,QUICKHEAL.NS
Quint Digital,QUINT.NS
Race Eco Chain,RACE.NS
RACL Geartech,RACLGEAR.NS
Radaan Mediaworks India,RADAAN.NS
Radhika Jeweltech,RADHIKAJWE.NS
Radiant Cash Management Services,RADIANTCMS.NS
Radico Khaitan,RADICO.NS
Music Broadcast,RADIOCITY.NS
Railtel Corporation Of India,RAILTEL.NS
Rain Industries,RAIN.NS
Rainbow Childrens Medicare,RAINBOW.NS
Rajesh Exports,RAJESHEXPO.NS
Rajnandini Metal,RAJMET.NS
Rajoo Engineers,RAJOOENG.NS
Rajapalayam Mills,RAJPALAYAM.NS
Rajratan Global Wire,RAJRATAN.NS
Raj Rayon Industries,RAJRILTD.NS
Rajshree Sugars & Chemicals,RAJSREESUG.NS
Raj Television Network,RAJTV.NS
Rallis India,RALLIS.NS
Shree Rama Newsprint,RAMANEWS.NS
Rama Phosphates,RAMAPHO.NS
Rama Steel Tubes,RAMASTEEL.NS
The Ramco Cements,RAMCOCEM.NS
Ramco Industries,RAMCOIND.NS
Ramco Systems,RAMCOSYS.NS
Ramky Infrastructure,RAMKY.NS
Ram Ratna Wires,RAMRAT.NS
Rana Sugars,RANASUG.NS
Rane Holdings,RANEHOLDIN.NS
Rategain Travel Technologies,RATEGAIN.NS
Ratnamani Metals & Tubes,RATNAMANI.NS
Ratnaveer Precision Engineering,RATNAVEER.NS
Raymond,RAYMOND.NS
Raymond Lifestyle,RAYMONDLSL.NS
Raymond Realty,RAYMONDREL.NS
Restaurant Brands Asia,RBA.NS
RBL Bank,RBLBANK.NS
RBZ Jewellers,RBZJEWEL.NS
Rashtriya Chemicals and Fertilizers,RCF.NS
Reliance Communications,RCOM.NS
REC,RECLTD.NS
Redington,REDINGTON.NS
Redtape,REDTAPE.NS
Refex Industries,REFEX.NS
Regaal Resources,REGAAL.NS
Regency Ceramics,REGENCERAM.NS
Relaxo Footwears,RELAXO.NS
Reliance Chemotex Industries,RELCHEMQ.NS
Reliable Data Services,RELIABLE.NS
Reliance Industries,RELIANCE.NS
Religare Enterprises,RELIGARE.NS
Reliance Infrastructure,RELINFRA.NS
Ravindra Energy,RELTD.NS
Remsons Industries,REMSONSIND.NS
Shree Renuka Sugars,RENUKA.NS
Repco Home Finance,REPCOHOME.NS
Rudrabhishek Enterprises,REPL.NS
Repro India,REPRO.NS
Responsive Industries,RESPONIND.NS
JHS Svendgaard Retail Ventures,RETAIL.NS
Renaissance Global,RGL.NS
Rhetan TMT,RHETAN.NS
Reliance Home Finance,RHFL.NS
RHI MAGNESITA INDIA,RHIM.NS
Robust Hotels,RHL.NS
Rico Auto Industries,RICOAUTO.NS
Reliance Industrial Infrastructure,RIIL.NS
Rishabh Instruments,RISHABH.NS
Ritco Logistics,RITCO.NS
RITES,RITES.NS
Ravi Kumar Distilleries,RKDL.NS
RKEC Projects,RKEC.NS
Ramkrishna Forgings,RKFORGE.NS
R K Swamy,RKSWAMY.NS
RMC Switchgears,RMC.NS
R M Drip and Sprinklers Systems,RMDRIP.NS
Rane (Madras),RML.NS
R&B Denims,RNBDENIMS.NS
Royal Orchid Hotels,ROHLTD.NS
Rolex Rings,ROLEXRINGS.NS
Rollatainers,ROLLT.NS
Raj Oil Mills,ROML.NS
Rossari Biotech,ROSSARI.NS
Rossell India,ROSSELLIND.NS
Rossell Techsys,ROSSTECH.NS
Roto Pumps,ROTO.NS
ROUTE MOBILE,ROUTE.NS
Raghav Productivity Enhancers,RPEL.NS
RPG Life Sciences,RPGLIFE.NS
Reliance Power,RPOWER.NS
R.P.P. Infra Projects,RPPINFRA.NS
Rajshree Polypack,RPPL.NS
RPSG VENTURES,RPSGVENT.NS
Rashi Peripherals,RPTECH.NS
RRIL,RRIL.NS
R R Kabel,RRKABEL.NS
RSD Finance,RSDFIN.NS
Rajputana Stainless,RSL.NS
R. S. Software (India),RSSOFTWARE.NS
RSWM,RSWM.NS
R Systems International,RSYSTEMS.NS
RattanIndia Enterprises,RTNINDIA.NS
RattanIndia Power,RTNPOWER.NS
Rubfila International,RUBFILA.NS
Rubicon Research,RUBICON.NS
The Ruby Mills,RUBYMILLS.NS
Ruchi Infrastructure,RUCHINFRA.NS
Ruchira Papers,RUCHIRA.NS
Rudra Global Infra Products,RUDRA.NS
Rupa & Company,RUPA.NS
Rushil Decor,RUSHIL.NS
Keystone Realtors,RUSTOMJEE.NS
Ravinder Heights,RVHL.NS
Rail Vikas Nigam,RVNL.NS
Revathi Equipment India,RVTH.NS
S&S Power Switchgears,S&SPOWER.NS
Saatvik Green Energy,SAATVIKGL.NS
Sab Events & Governance Now Media,SABEVENTS.NS
Sadbhav Engineering,SADBHAV.NS
Sadbhav Infrastructure Project,SADBHIN.NS
Sadhana Nitrochem,SADHNANIQ.NS
Safari Industries (India),SAFARI.NS
Sagardeep Alloys,SAGARDEEP.NS
Sagar Cements,SAGCEM.NS
SAGILITY,SAGILITY.NS
Shalibhadra Finance,SAHLIBHFI.NS
Sahyadri Industries,SAHYADRI.NS
Steel Authority of India,SAIL.NS
Sai Life Sciences,SAILIFE.NS
Sai Parenterals,SAIPARENT.NS
Sakar Healthcare,SAKAR.NS
Sakthi Sugars,SAKHTISUG.NS
Saksoft,SAKSOFT.NS
Sakuma Exports,SAKUMA.NS
Salasar Techno Engineering,SALASAR.NS
Salona Cotspin,SALONA.NS
S.A.L. Steel,SALSTEEL.NS
Salzer Electronics,SALZERELEC.NS
Sambhaav Media,SAMBHAAV.NS
Sambhv Steel Tubes,SAMBHV.NS
Samhi Hotels,SAMHI.NS
Sammaan Capital,SAMMAANCAP.NS
Sampann Utpadan India,SAMPANN.NS
Sanathan Textiles,SANATHAN.NS
The Sandesh,SANDESH.NS
Sandhar Technologies,SANDHAR.NS
Sandur Manganese & Iron Ores,SANDUMA.NS
Sangam (India),SANGAMIND.NS
Sanghvi Movers,SANGHVIMOV.NS
Sanginita Chemicals,SANGINITA.NS
Sanofi India,SANOFI.NS
Sanofi Consumer Healthcare India,SANOFICONR.NS
Sansera Engineering,SANSERA.NS
Sanstar,SANSTAR.NS
Sanwaria Consumer,SANWARIA.NS
Sapphire Foods India,SAPPHIRE.NS
Shree Ajit Pulp & Paper,SAPPL.NS
Sarda Energy & Minerals,SARDAEN.NS
Saregama India,SAREGAMA.NS
Sarla Performance Fibers,SARLAPOLY.NS
Sarveshwar Foods,SARVESHWAR.NS
Sasken Technologies,SASKEN.NS
Satia Industries,SATIA.NS
Satin Creditcare Network,SATIN.NS
Saurashtra Cement,SAURASHCEM.NS
Sayaji Hotels,SAYAJIHOTL.NS
SBC Exports,SBC.NS
Shivalik Bimetal Controls,SBCL.NS
SBFC Finance,SBFC.NS
Suratwwala Business Group,SBGLP.NS
SBI Cards and Payment Services,SBICARD.NS
SBI Life Insurance Company,SBILIFE.NS
State Bank of India,SBIN.NS
Scan Steels,SCANSTL.NS
Schaeffler India,SCHAEFFLER.NS
S Chand And Company,SCHAND.NS
Schneider Electric Infrastructure,SCHNEIDER.NS
Shipping Corporation Of India,SCI.NS
Shipping Corporation of India Land and Assets,SCILAL.NS
Scoda Tubes,SCODATUBES.NS
Sheetal Cool Products,SCPL.NS
Som Distilleries & Breweries,SDBL.NS
Seamec,SEAMECLTD.NS
SecMark Consultancy,SECMARK.NS
SECUREKLOUD TECHNOLOGIES,SECURKLOUD.NS
SEDEMAC Mechatronics,SEDEMAC.NS
Shanti Educational Initiatives,SEIL.NS
Sejal Glass,SEJALLTD.NS
SEL Manufacturing Company,SELMC.NS
Semac Construction,SEMAC.NS
Senco Gold,SENCO.NS
Senores Pharmaceuticals,SENORES.NS
SEPC,SEPC.NS
Servotech Renewable Power System,SERVOTECH.NS
Seshasayee Paper and Boards,SESHAPAPER.NS
Setco Automotive,SETCO.NS
Standard Engineering Technology,SETL.NS
Setubandhan Infrastructure,SETUINFRA.NS
Seya Industries,SEYAIND.NS
Sheela Foam,SFL.NS
SG Finserve,SGFIN.NS
Synergy Green Industries,SGIL.NS
STL Global,SGL.NS
SG Mart,SGMART.NS
Shadowfax Technologies,SHADOWFAX.NS
Shah Metacorp,SHAH.NS
Shah Alloys,SHAHALLOYS.NS
Shaily Engineering Plastics,SHAILY.NS
Shakti Pumps (India),SHAKTIPUMP.NS
Shalby,SHALBY.NS
Shalimar Paints,SHALPAINTS.NS
Shankara Building Products,SHANKARA.NS
Shanti Overseas (India),SHANTI.NS
Shanthi Gears,SHANTIGEAR.NS
Shanti Gold International,SHANTIGOLD.NS
Sharda Cropchem,SHARDACROP.NS
Sharda Motor Industries,SHARDAMOTR.NS
Shardul Securities,SHARDUL.NS
Share India Securities,SHAREINDIA.NS
Shri Bajrang Alliance,SHBAJRG.NS
Shekhawati Industries,SHEKHAWATI.NS
Shemaroo Entertainment,SHEMAROO.NS
Shilchar Technologies,SHILCTECH.NS
Shilpa Medicare,SHILPAMED.NS
Sharat Industries,SHINDL.NS
Shivalik Rasayan,SHIVALIK.NS
Shivam Autotech,SHIVAMAUTO.NS
Shiva Mills,SHIVAMILLS.NS
Shiva Texyarn,SHIVATEX.NS
Shiv Aum Steels,SHIVAUM.NS
S H Kelkar and Company,SHK.NS
Shoppers Stop,SHOPERSTOP.NS
Shradha Realty,SHRADHA.NS
Shree Digvijay Cement Co.Ltd,SHREDIGCEM.NS
SHREE CEMENT,SHREECEM.NS
Shreeji Shipping Global,SHREEJISPG.NS
Shree Pushkar Chemicals & Fertilisers,SHREEPUSHK.NS
Shree Rama Multi-Tech,SHREERAMA.NS
Shrenik,SHRENIK.NS
Shreyans Industries,SHREYANIND.NS
Shri Krishna Devcon,SHRIKRISH.NS
Shringar House of Mangalsutra,SHRINGARMS.NS
Shriram Pistons & Rings,SHRIPISTON.NS
Shriram Finance,SHRIRAMFIN.NS
Shriram Properties,SHRIRAMPPS.NS
Shyam Century Ferrous,SHYAMCENT.NS
Shyam Metalics and Energy,SHYAMMETL.NS
Shyam Telecom,SHYAMTEL.NS
Sicagen India,SICAGEN.NS
Sical Logistics,SICALLOG.NS
Siemens,SIEMENS.NS
Sigachi Industries,SIGACHI.NS
Signet Industries,SIGIND.NS
Sigma Solve,SIGMA.NS
SIGMA ADVANCED SYSTEMS,SIGMAADV.NS
Signatureglobal (India),SIGNATURE.NS
Signpost India,SIGNPOST.NS
Sika Interplant Systems,SIKA.NS
Sikko Industries,SIKKO.NS
Standard Industries,SIL.NS
Silgo Retail,SILGO.NS
SIL Investments,SILINV.NS
Silly Monks Entertainment,SILLYMONKS.NS
Silver Touch Technologies,SILVERTUC.NS
Simbhaoli Sugars,SIMBHALS.NS
Simplex Infrastructures,SIMPLEXINF.NS
Sinclairs Hotels,SINCLAIR.NS
Sindhu Trade Links,SINDHUTRAD.NS
Singer India,SINGERIND.NS
Sintercom India,SINTERCOM.NS
Sirca Paints India,SIRCA.NS
SIS,SIS.NS
Siti Networks,SITINET.NS
Siyaram Silk Mills,SIYSIL.NS
S.J.S. Enterprises,SJS.NS
SJVN,SJVN.NS
SKF India,SKFINDIA.NS
SKF India (Industrial),SKFINDUS.NS
Skipper,SKIPPER.NS
SKM Egg Products Export (India),SKMEGGPROD.NS
SKY GOLD AND DIAMONDS,SKYGOLD.NS
Smartlink Holdings,SMARTLINK.NS
Smartworks Coworking Spaces,SMARTWORKS.NS
SMC Global Securities,SMCGLOBAL.NS
SML Mahindra,SMLMAH.NS
Sarthak Metals,SMLT.NS
SMS Pharmaceuticals,SMSPHARMA.NS
Snowman Logistics,SNOWMAN.NS
Sobha,SOBHA.NS
Softtech Engineers,SOFTTECH.NS
Solara Active Pharma Sciences,SOLARA.NS
Solar Industries India,SOLARINDS.NS
Solarworld Energy Solutions,SOLARWORLD.NS
Solex Energy,SOLEX.NS
Somany Ceramics,SOMANYCERA.NS
Soma Textiles & Industries,SOMATEX.NS
Somi Conveyor Beltings,SOMICONVEY.NS
Sona BLW Precision Forgings,SONACOMS.NS
Sonal Mercantile,SONAL.NS
SONAM,SONAMLTD.NS
Sonata Software,SONATSOFTW.NS
Savita Oil Technologies,SOTL.NS
The South Indian Bank,SOUTHBANK.NS
South West Pinnacle Exploration,SOUTHWEST.NS
S. P. Apparels,SPAL.NS
Spandana Sphoorty Financial,SPANDANA.NS
Sun Pharma Advanced Research Company,SPARC.NS
Spacenet Enterprises India,SPCENET.NS
Speciality Restaurants,SPECIALITY.NS
Spectrum Electrical Industries,SPECTRUM.NS
Spencer's Retail,SPENCERS.NS
Southern Petrochemicals Industries Corporation,SPIC.NS
SPL Industries,SPLIL.NS
Supreme Petrochem,SPLPETRO.NS
SPML Infra,SPMLINFRA.NS
Sportking India,SPORTKING.NS
Shankar Lal Rampal Dye-Chem,SRD.NS
Sreeleathers,SREEL.NS
SRF,SRF.NS
SRG Housing Finance,SRGHFL.NS
Sree Rayalaseema Hi-Strength Hypo,SRHHYPOLTD.NS
SRM Contractors,SRM.NS
Shree Ram Twistex,SRTL.NS
Saraswati Saree Depot,SSDL.NS
Steel Strips Wheels,SSWL.NS
Stallion India Fluorochemicals,STALLION.NS
Stanley Lifestyles,STANLEY.NS
Strides Pharma Science,STAR.NS
Star Cement,STARCEMENT.NS
Star Health and Allied Insurance Company,STARHEALTH.NS
Star Paper Mills,STARPAPER.NS
Starteck Finance,STARTECK.NS
The State Trading Corporation of India,STCINDIA.NS
Steelcast,STEELCAS.NS
Steel City Securities,STEELCITY.NS
STEEL EXCHANGE INDIA,STEELXIND.NS
Stel Holdings,STEL.NS
Sterling Tools,STERTOOLS.NS
STL Networks,STLNETWORK.NS
Sterlite Technologies,STLTECH.NS
Stove Kraft,STOVEKRAFT.NS
Studds Accessories,STUDDS.NS
Seshaasai Technologies,STYL.NS
Stylam Industries,STYLAMIND.NS
Baazar Style Retail,STYLEBAAZA.NS
Styrenix Performance Materials,STYRENIX.NS
Subex,SUBEXLTD.NS
Subros,SUBROS.NS
Sudarshan Colorants India,SUDARCOLOR.NS
Sudarshan Chemical Industries,SUDARSCHEM.NS
Sudeep Pharma,SUDEEPPHRM.NS
Sukhjit Starch & Chemicals,SUKHJITS.NS
Sula Vineyards,SULA.NS
Sumeet Industries,SUMEETINDS.NS
Sumitomo Chemical India,SUMICHEM.NS
Sumit Woods,SUMIT.NS
Summit Securities,SUMMITSEC.NS
Sundaram Clayton,SUNCLAY.NS
Sundaram Multi Pap,SUNDARAM.NS
Sundaram Finance,SUNDARMFIN.NS
Sundaram Brake Linings,SUNDRMBRAK.NS
Sundram Fasteners,SUNDRMFAST.NS
Sundrop Brands,SUNDROP.NS
Sunflag Iron And Steel Company,SUNFLAG.NS
Sun Pharmaceutical Industries,SUNPHARMA.NS
Sunteck Realty,SUNTECK.NS
Sun TV Network,SUNTV.NS
Superhouse,SUPERHOUSE.NS
Super Spinning Mills,SUPERSPIN.NS
Suprajit Engineering,SUPRAJIT.NS
Supreme Holdings & Hospitality (India),SUPREME.NS
Supreme Engineering,SUPREMEENG.NS
Supreme Industries,SUPREMEIND.NS
Supreme Infrastructure India,SUPREMEINF.NS
Supriya Lifescience,SUPRIYA.NS
Suraj Estate Developers,SURAJEST.NS
Suraj,SURAJLTD.NS
Suraksha Diagnostic,SURAKSHA.NS
Surana Solar,SURANASOL.NS
Surana Telecom and Power,SURANAT&P.NS
Suryalata Spinning Mills,SURYALA.NS
Suryalakshmi Cotton Mills,SURYALAXMI.NS
Surya Roshni,SURYAROSNI.NS
Suryoday Small Finance Bank,SURYODAY.NS
Sutlej Textiles and Industries,SUTLEJTEX.NS
Suven Life Sciences,SUVEN.NS
Suvidhaa Infoserve,SUVIDHAA.NS
Suyog Telematics,SUYOG.NS
Suzlon Energy,SUZLON.NS
Shree Vasu Logistics,SVLL.NS
SVP GLOBAL TEXTILES,SVPGLOB.NS
SWAN CORP,SWANCORP.NS
Swan Defence and Heavy Industries,SWANDEF.NS
Swaraj Engines,SWARAJENG.NS
Swelect Energy Systems,SWELECTES.NS
Swiggy,SWIGGY.NS
Sterling and Wilson Renewable Energy,SWSOLAR.NS
Symphony,SYMPHONY.NS
Syncom Formulations (India),SYNCOMF.NS
Syngene International,SYNGENE.NS
Syrma SGS Technology,SYRMA.NS
Systematix Corporate Services,SYSTMTXC.NS
Taal Tech,TAALTECH.NS
Tainwala Chemical and Plastic (I),TAINWALCHM.NS
Taj GVK Hotels & Resorts,TAJGVK.NS
Take Solutions,TAKE.NS
Talbros Automotive Components,TALBROAUTO.NS
Tamboli Industries,TAMBOLIIN.NS
Tanla Platforms,TANLA.NS
Tara Chand InfraLogistic Solutions,TARACHAND.NS
Tarapur Transformers,TARAPUR.NS
TARC,TARC.NS
Transformers And Rectifiers (India),TARIL.NS
Tarmat,TARMAT.NS
Tarsons Products,TARSONS.NS
Tasty Bite Eatables,TASTYBITE.NS
Tata Capital,TATACAP.NS
Tata Chemicals,TATACHEM.NS
Tata Communications,TATACOMM.NS
TATA CONSUMER PRODUCTS,TATACONSUM.NS
Tata Elxsi,TATAELXSI.NS
Tata Investment Corporation,TATAINVEST.NS
Tata Power Company,TATAPOWER.NS
Tata Steel,TATASTEEL.NS
Tata Technologies,TATATECH.NS
Tatva Chintan Pharma Chem,TATVA.NS
TBO Tek,TBOTEK.NS
Tribhovandas Bhimji Zaveri,TBZ.NS
TCC Concept,TCC.NS
Transport Corporation of India,TCI.NS
TCI Express,TCIEXP.NS
TCI Finance,TCIFINANCE.NS
TCPL Packaging,TCPLPACK.NS
Tata Consultancy Services,TCS.NS
TD Power Systems,TDPOWERSYS.NS
Team India Guaranty,TEAMGTY.NS
Teamlease Services,TEAMLEASE.NS
Tech Mahindra,TECHM.NS
Techno Electric & Engineering Company,TECHNOE.NS
TechNVision Ventures,TECHNVISN.NS
TECIL Chemicals and Hydro Power,TECILCHEM.NS
Tega Industries,TEGA.NS
Tejas Networks,TEJASNET.NS
Tembo Global Industries,TEMBO.NS
Tenneco Clean Air India,TENNIND.NS
Tera Software,TERASOFT.NS
Texmaco Infrastructure & Holdings,TEXINFRA.NS
Texmo Pipes and Products,TEXMOPIPES.NS
Texmaco Rail & Engineering,TEXRAIL.NS
Tourism Finance Corporation of India,TFCILTD.NS
Transwarranty Finance,TFL.NS
TGB Banquets And Hotels,TGBHOTELS.NS
Thacker & Company,THACKER.NS
Thakkers Developers,THAKDEV.NS
Thangamayil Jewellery,THANGAMAYL.NS
The Investment Trust Of India,THEINVEST.NS
Thejo Engineering,THEJO.NS
Leela Palaces Hotels & Resorts,THELEELA.NS
Themis Medicare,THEMISMED.NS
Thermax,THERMAX.NS
Thomas Cook  (India),THOMASCOOK.NS
Thomas Scott (India),THOMASCOTT.NS
Thyrocare Technologies,THYROCARE.NS
Tilaknagar Industries,TI.NS
Twamev Construction and Infrastructure,TICL.NS
Tiger Logistics (India),TIGERLOGS.NS
Technocraft Industries (India),TIIL.NS
Tube Investments of India,TIINDIA.NS
Tijaria Polypipes,TIJARIA.NS
TIL,TIL.NS
Time Technoplast,TIMETECHNO.NS
Timex Group India,TIMEX.NS
Timken India,TIMKEN.NS
Tinna Rubber and Infrastructure,TINNARUBR.NS
Tips Films,TIPSFILMS.NS
Tips Music,TIPSMUSIC.NS
Thirumalai Chemicals,TIRUMALCHM.NS
Tirupati Forge,TIRUPATIFL.NS
TITAGARH RAIL SYSTEMS,TITAGARH.NS
Titan Company,TITAN.NS
Tamilnad Mercantile Bank,TMB.NS
Tata Motors,TMCV.NS
Tata Motors Passenger Vehicles,TMPV.NS
Tamilnadu PetroProducts,TNPETRO.NS
Tamil Nadu Newsprint & Papers,TNPL.NS
Tamilnadu Telecommunication,TNTELE.NS
Tokyo Plast International,TOKYOPLAST.NS
Tolins Tyres,TOLINS.NS
Torrent Pharmaceuticals,TORNTPHARM.NS
Torrent Power,TORNTPOWER.NS
Total Transport Systems,TOTAL.NS
Touchwood Entertainment,TOUCHWOOD.NS
Teamo Productions HQ,TPHQ.NS
TPL Plastech,TPLPLASTEH.NS
Tracxn Technologies,TRACXN.NS
Transpek Industry,TRANSPEK.NS
Transrail Lighting,TRANSRAILL.NS
TRANSWORLD SHIPPING LINES,TRANSWORLD.NS
Travel Food Services,TRAVELFOOD.NS
Tree House Education & Accessories,TREEHOUSE.NS
TREJHARA SOLUTIONS,TREJHARA.NS
Transindia Real Estate,TREL.NS
Trent,TRENT.NS
TRF,TRF.NS
Trident,TRIDENT.NS
Trigyn Technologies,TRIGYN.NS
Triveni Turbine,TRITURBINE.NS
Triveni Engineering & Industries,TRIVENI.NS
TruCap Finance,TRU.NS
TruAlt Bioenergy,TRUALT.NS
TSF INVESTMENTS,TSFINV.NS
TTK Healthcare,TTKHLTCARE.NS
TTK Prestige,TTKPRESTIG.NS
T T,TTL.NS
Tata Teleservices (Maharashtra),TTML.NS
TVS Electronics,TVSELECT.NS
TVS Holdings,TVSHLTD.NS
TVS Motor Company,TVSMOTOR.NS
TVS Supply Chain Solutions,TVSSCS.NS
TVS Srichakra,TVSSRICHAK.NS
TV Today Network,TVTODAY.NS
TV Vision,TVVISION.NS
United Breweries,UBL.NS
UCAL,UCAL.NS
UCO Bank,UCOBANK.NS
Updater Services,UDS.NS
Ujaas Energy,UEL.NS
United Foodbrands,UFBL.NS
UFLEX,UFLEX.NS
UFO Moviez India,UFO.NS
The Ugar Sugar Works,UGARSUGAR.NS
Ugro Capital,UGROCAP.NS
Ujjivan Small Finance Bank,UJJIVANSFB.NS
UltraTech Cement,ULTRACEMCO.NS
Ultramarine & Pigments,ULTRAMAR.NS
Uma Exports,UMAEXPORTS.NS
Usha Martin Education & Solutions,UMESLTD.NS
UMIYA BUILDCON,UMIYA-MRO.NS
Unichem Laboratories,UNICHEMLAB.NS
United Drilling Tools,UNIDT.NS
Unicommerce Esolutions,UNIECOM.NS
Uniphos Enterprises,UNIENTER.NS
Uniinfo Telecom Services,UNIINFO.NS
Unimech Aerospace and Manufacturing,UNIMECH.NS
Union Bank of India,UNIONBANK.NS
Uniparts India,UNIPARTS.NS
United Spirits,UNITDSPR.NS
Unitech,UNITECH.NS
United Polyfab Gujarat,UNITEDPOLY.NS
The United Nilgiri Tea Estates Company,UNITEDTEA.NS
Univastu India,UNIVASTU.NS
Universal Cables,UNIVCABLES.NS
Universus Photo Imagings,UNIVPHOTO.NS
UNO Minda,UNOMINDA.NS
UPL,UPL.NS
Uravi Defence and Technology,URAVIDEF.NS
Urban Company,URBANCO.NS
Urja Global,URJA.NS
Usha Martin,USHAMART.NS
Udayshivakumar Infra,USK.NS
UTI Asset Management Company,UTIAMC.NS
Utkarsh Small Finance Bank,UTKARSHBNK.NS
Fujiyama Power Systems,UTLSOLAR.NS
Uttam Sugar Mills,UTTAMSUGAR.NS
U. Y. Fincorp,UYFINCORP.NS
V2 Retail,V2RETAIL.NS
Vadilal Industries,VADILALIND.NS
Vaibhav Global,VAIBHAVGBL.NS
Vaishali Pharma,VAISHALI.NS
Vakrangee,VAKRANGEE.NS
Valiant Laboratories,VALIANTLAB.NS
Valiant Organics,VALIANTORG.NS
Vardhman Acrylics,VARDHACRLC.NS
Vardhman Polytex,VARDMNPOLY.NS
Varroc Engineering,VARROC.NS
Vascon Engineers,VASCONEQ.NS
Vaswani Industries,VASWANI.NS
Varun Beverages,VBL.NS
Vaxtex Cotfab,VCL.NS
Vedanta,VEDL.NS
Veedol Corporation,VEEDOL.NS
Veljan Denison,VELJAN.NS
Venky's (India),VENKEYS.NS
Ventive Hospitality,VENTIVE.NS
Venus Pipes & Tubes,VENUSPIPES.NS
Venus Remedies,VENUSREM.NS
Veranda Learning Solutions,VERANDA.NS
Vertoz,VERTOZ.NS
Vesuvius India,VESUVIUS.NS
Veto Switchgears And Cables,VETO.NS
VARVEE GLOBAL,VGL.NS
V-Guard Industries,VGUARD.NS
Vardhman Holdings,VHL.NS
Viceroy Hotels,VHLTD.NS
Vidhi Specialty Food Ingredients,VIDHIING.NS
Vidya Wires,VIDYAWIRES.NS
Vijaya Diagnostic Centre,VIJAYA.NS
Viji Finance,VIJIFIN.NS
Vikas EcoTech,VIKASECO.NS
Vikas Lifecare,VIKASLIFE.NS
Vikram Solar,VIKRAMSOLR.NS
Vikran Engineering,VIKRAN.NS
Vimta Labs,VIMTALABS.NS
Vinati Organics,VINATIORGA.NS
Vintage Coffee And Beverages,VINCOFE.NS
Vindhya Telelinks,VINDHYATEL.NS
Vineet Laboratories,VINEETLAB.NS
Vinny Overseas,VINNY.NS
Vinyl Chemicals (India),VINYLINDIA.NS
VIP Clothing,VIPCLOTHNG.NS
VIP Industries,VIPIND.NS
Vipul,VIPULLTD.NS
Virinchi,VIRINCHI.NS
VISA Chrome,VISACHROME.NS
Visaka Industries,VISAKAIND.NS
Vishnu Chemicals,VISHNU.NS
Vishwaraj Sugar Industries,VISHWARAJ.NS
Vital Chemtech,VITAL.NS
Viviana Power Tech,VIVIANA.NS
Visagar Polytex,VIVIDHA.NS
Vivimed Labs,VIVIMEDLAB.NS
Viyash Scientific,VIYASH.NS
VL E-Governance & IT Solutions,VLEGOV.NS
VLS Finance,VLSFINANCE.NS
V-Mart Retail,VMART.NS
Vishal Mega Mart,VMM.NS
VMS TMT,VMSTMT.NS
Voltamp Transformers,VOLTAMP.NS
Voltas,VOLTAS.NS
Vishnu Prakash R Punglia,VPRPL.NS
Vraj Iron and Steel,VRAJ.NS
VRL Logistics,VRLLOG.NS
Vardhman Special Steels,VSSL.NS
VST Industries,VSTIND.NS
Vibhor Steel Tubes,VSTL.NS
V.S.T Tillers Tractors,VSTTILLERS.NS
Vardhman Textiles,VTL.NS
Waaree Energies,WAAREEENER.NS
Indosolar,WAAREEINDO.NS
Waaree Renewable Technologies,WAAREERTL.NS
VA Tech Wabag,WABAG.NS
Wakefit Innovations,WAKEFIT.NS
Walchandnagar Industries,WALCHANNAG.NS
Wanbury,WANBURY.NS
Western Carriers (India),WCIL.NS
Wealth First Portfolio Managers,WEALTH.NS
Websol Energy System,WEBELSOLAR.NS
Weizmann,WEIZMANIND.NS
Wonder Electricals,WEL.NS
Welspun Corp,WELCORP.NS
Welspun Enterprises,WELENT.NS
Welspun Investments and Commercials,WELINV.NS
Welspun Specialty Solutions,WELSPLSOL.NS
Welspun Living,WELSPUNLIV.NS
Wendt (India),WENDT.NS
WESTLIFE FOODWORLD,WESTLIFE.NS
WE WIN,WEWIN.NS
WeWork India Management,WEWORK.NS
Wheels India,WHEELS.NS
Whirlpool of India,WHIRLPOOL.NS
Williamson Magor & Company,WILLAMAGOR.NS
Wim Plast,WIMPLAST.NS
Windlas Biotech,WINDLAS.NS
Windsor Machines,WINDMACHIN.NS
Winsome Yarns,WINSOME.NS
The Western India Plywoods,WIPL.NS
Wipro,WIPRO.NS
Wockhardt,WOCKPHARMA.NS
Wonderla Holidays,WONDERLA.NS
Worth Peripherals,WORTHPERI.NS
WPIL,WPIL.NS
W S Industries (I),WSI.NS
West Coast Paper Mills,WSTCSTPAPR.NS
Xchanging Solutions,XCHANGING.NS
Xelpmoc Design And Tech,XELPMOC.NS
Xpro India,XPROINDIA.NS
Xtglobal Infotech,XTGLOBAL.NS
Yasho Industries,YASHO.NS
Yatharth Hospital & Trauma Care Services,YATHARTH.NS
Yatra Online,YATRA.NS
Yes Bank,YESBANK.NS
Yuken India,YUKEN.NS
Zaggle Prepaid Ocean Services,ZAGGLE.NS
Zee Entertainment Enterprises,ZEEL.NS
Zee Learn,ZEELEARN.NS
Zee Media Corporation,ZEEMEDIA.NS
Zenith Exports,ZENITHEXPO.NS
Zenith Steel Pipes & Industries,ZENITHSTL.NS
Zensar Technologies,ZENSARTECH.NS
Zen Technologies,ZENTEC.NS
ZF Commercial Vehicle Control Systems India,ZFCVINDIA.NS
ZF Steering Gear (India),ZFSTEERING.NS
Zim Laboratories,ZIMLAB.NS
Zodiac Energy,ZODIAC.NS
Zodiac Clothing Company,ZODIACLOTH.NS
Zota Health Care,ZOTA.NS
Saraswati Commercial India,ZSARACOM.NS
Zuari Agro Chemicals,ZUARI.NS
ZUARI INDUSTRIES,ZUARIIND.NS
Zydus Lifesciences,ZYDUSLIFE.NS
Zydus Wellness,ZYDUSWELL.NS
